Date|Title|Author|Type|Source|Lifetime views|Lifetime Unique Views
2010-05-28|The ROI of That Data Center Management Job IT|No Author|News|Repurp|90.0|87.0
2010-05-27|IT Buying More x86 Servers, Paying Less: IDC|Andy Patrizio|News|InternetNews|1475.0|1373.0
2010-05-27|Data Center Management Limbo: How Low Can You Go?|Kenneth Hess|Trends|Freelance|313.0|287.0
2010-05-27|From Obsolete Servers to Private Cloud in 3 Easy Steps|Sonny Discini|Trends|Freelance|2601.0|2494.0
2010-05-27|Worldwide Server Hardware Shipments Up 23 Percent: Gartner|Andy Patrizio|News|InternetNews|610.0|549.0
2010-05-26|ScaleMP, Microsoft Help Bring HPC and Cloud Computing Together|Amy Newman|News|Editor-Written|228.0|216.0
2010-05-25|ScaleMP Steps Up Server Virtualization  Aggregation Software|Andy Patrizio|News|InternetNews|392.0|350.0
2010-05-25|Novell: This Linux OS Vendor Went to Market&#9;|Paul Rubens|Trends|Freelance|2314.0|2229.0
2010-05-25|Manure-Powered Data Centers -- The Next Big Thing?|No Author|Trends|Repurp|84.0|63.0
2010-05-24|Automation With Expect, an Open Source Software Utility|Juliet Kemp|Product Review|Freelance|2920.0|2766.0
2010-05-21|Software Sector Sees Brighter Tomorrow|No Author|Trends|Repurp|69.0|66.0
2010-05-20|EMC VPlex Buyer's Guide|Drew Robb|Buyer Guide|Freelance|800.0|756.0
2010-05-20|Top 10 Enterprise Database Systems to Consider|Kenneth Hess|Top 10|Freelance|5937.0|5522.0
2010-05-20|Server Virtualization Saves Big Bucks for Feds|Amy Newman|Opinion|Editor-Written|591.0|552.0
2010-05-19|IBM Adds Nvidia GPUs to High-Performance Servers|Andy Patrizio|News|InternetNews|642.0|593.0
2010-05-19|Novell SUSE Linux Enterprise 11 Updates Kernel, Virtualization|Sean Michael Kerner|News|InternetNews|5275.0|5020.0
2010-05-19|Cisco, CA Expand UCS for Better Data Center Management|Sean Michael Kerner|News|InternetNews|405.0|374.0
2010-05-18|Linux Servers to Get Kernel Refresh|Paul Rubens|Opinion|Freelance|1287.0|1265.0
2010-05-18|Oracle Launches Telco-Oriented, Carrier-Grade Blade Server|Andy Patrizio|News|InternetNews|406.0|388.0
2010-05-17|Behind the Green IT Curtain Lies Pollution|No Author|Trends|Repurp|90.0|79.0
2010-05-17|Email PDFs From the Command Line With Open Source Software uuencode|Juliet Kemp|Tips and Tricks|Freelance|1216.0|1167.0
2010-05-14|Fewer Data Center Jobs Mean Technology Delays for Enterprises|No Author|Trends|Repurp|104.0|93.0
2010-05-13|Server Security: The Threat from Within|Kenneth Hess|Opinion|Freelance|370.0|343.0
2010-05-13|Cloud Computing Gets Top Billing From Citrix, EMC|Amy Newman|Opinion|Editor-Written|445.0|420.0
2010-05-12|Windows Server 2008 Directory Services, Group Policy Preferences -- Common Options|Marcin Policht|Tutorial/Howto|Freelance|2438.0|2208.0
2010-05-11|It's a Windows vs. Linux Mobile Market Turf War|Paul Rubens|Opinion|Freelance|2382.0|2277.0
2010-05-10|Data Center Storage to Get Green Specification|No Author|News|Repurp|140.0|131.0
2010-05-10|Still Plenty of Green in the Data Center|No Author|News|Repurp|91.0|84.0
2010-05-10|One-Handed Workarounds -- The Programmers Guide to Typing With a Broken Thumb|Juliet Kemp|Tips and Tricks|Freelance|1537.0|1467.0
2010-05-07|Looking for the Data Center Management Job Big Bucks?|No Author|Trends|Repurp|116.0|109.0
2010-05-06|IBM System x Server Buyer's Guide|Drew Robb|Buyer Guide|Freelance|2447.0|2137.0
2010-05-06|Much More Than a Mail Server, Gordano Messaging Suite|Juliet Kemp|Product Review|Freelance|245.0|207.0
2010-05-05|Cloud.com Builds Cloud Computing Bridge|Amy Newman|Opinion|Editor-Written|658.0|618.0
2010-05-04|Apache Traffic Server Gets Top-Level Project Status|Sean Michael Kerner|News|InternetNews|2269.0|2170.0
2010-05-04|The Red Hat Enterprise Linux 6 Kernel: What Is It?|Sean Michael Kerner|News|InternetNews|8521.0|8153.0
2010-05-04|HP's Linux OS Alternative Gets a Face Lift|Paul Rubens|Opinion|Freelance|3074.0|2985.0
2010-05-03|Yahoo, Intel Unveil Green Data Centers|No Author|News|Repurp|301.0|269.0
2010-05-03|Open Source Software Investigation -- Stty Settings, Backspace and Delete|Juliet Kemp|Tips and Tricks|Editor-Written|1200.0|1161.0
2010-06-30|NEC Takes Its Virtual Server Strategy Native With vSphere|Amy Newman|Opinion|Editor-Written|206.0|194.0
2010-06-29|Microsoft Working on IIS 'Express' Web Server|Stuart J. Johnston|News|InternetNews|2868.0|2778.0
2010-06-29|The Open Source Server Quagmire|Paul Rubens|Opinion|Freelance|1253.0|1219.0
2010-06-28|Oracle Announces New High-Performance Computing Sun Clusters|Andy Patrizio|News|InternetNews|849.0|779.0
2010-06-28|3 Handy Commandlinefu One Liners|Juliet Kemp|Tips and Tricks|Freelance|2279.0|2171.0
2010-06-25|5 Tips for Navigating the Current IT Job Market|No Author|Tips and Tricks|Repurp|269.0|246.0
2010-06-25|AMD Aims to Be the Power Behind the Cloud|Amy Newman|Opinion|Editor-Written|244.0|227.0
2010-06-24|Using Server Virtualization to Cool 4 Data Center 'Hotspots'|Kenneth Hess|Tutorial/Howto|Freelance|133.0|123.0
2010-06-24|Cloud Computing With Less  Security Risk|Paul Rubens|Trends|Freelance|418.0|394.0
2010-06-24|Tilera, Quanta Bank on Low-Power, High-Density Web Servers|Andy Patrizio|News|InternetNews|726.0|664.0
2010-06-23|Improve IT Security With Server Virtualization|Sean Michael Kerner|News|InternetNews|1754.0|754.0
2010-06-23|HP Unveils More Power-Efficient Rack, Blade Servers|Andy Patrizio|News|InternetNews|583.0|547.0
2010-06-23|AMD's New Opteron 4100 Series Features Power Efficiency for x86 Servers|Andy Patrizio|News|InternetNews|922.0|900.0
2010-06-22|Apple vs. Microsoft: Patch Management Polar Opposites|Paul Rubens|Opinion|Freelance|920.0|893.0
2010-06-21|Get the Most Out of  Bash History|Juliet Kemp|Tips and Tricks|Freelance|2166.0|2098.0
2010-06-18|Is Overspecialization Bringing the IT Department to Its Knees?|No Author|Opinion|Repurp|261.0|239.0
2010-06-17|10 Data Center Strategies You Need to Consider, Now|Kenneth Hess|Top 10|Freelance|405.0|386.0
2010-06-17|Non-x86 Blade Server Buyer's Guide|Drew Robb|Buyer Guide|Freelance|835.0|749.0
2010-06-16|Has VMware Won the Server Virtualization War?|Amy Newman|Opinion|Editor-Written|1361.0|1292.0
2010-06-15|Apple's Journey to the Top|Paul Rubens|Opinion|Freelance|447.0|431.0
2010-06-14|Invoking Bash and Start-Up Files for Your Open Source Software Needs|Juliet Kemp|Tips and Tricks|Freelance|1679.0|1609.0
2010-06-14|SeaMicro Launches an Atom-Powered Cloud Computing Server|Andy Patrizio|News|InternetNews|1346.0|1296.0
2010-06-11|Remaining Relevant, Steps to Take to Keep Your Data Center Job Secure|No Author|Tutorial/Howto|Repurp|108.0|99.0
2010-06-11|Is Oracle Ready to Dump AMD From Sun's x86 Server Lineup?|Andy Patrizio|News|InternetNews|2616.0|2101.0
2010-06-10|The Question of Database Virtualization -- Answered|Kenneth Hess|Trends|Freelance|1067.0|1022.0
2010-06-10|Will Server Virtualization Save Novell?|Amy Newman|Opinion|Editor-Written|609.0|575.0
2010-06-09|VMware Embraces Novell's SUSE Linux OS for Appliances|Sean Michael Kerner|News|InternetNews|906.0|858.0
2010-06-09|Medusa: Open Source Software 'Login Brute-Forcer' for Password Auditing|Paul Rubens|Tutorial/Howto|Freelance|3699.0|3238.0
2010-06-09|Dell Introduces New Storage, Server Virtualization Products|Andy Patrizio|News|InternetNews|535.0|508.0
2010-06-08|The Wrong Open Source Software License|Paul Rubens|Opinion|Freelance|1905.0|1771.0
2010-06-07|Open Source Software Shortcut, Permanently Storing Macros in Vim|Juliet Kemp|Tips and Tricks|Freelance|721.0|683.0
2010-06-06|Canonical Rolling Out Ubuntu Advantage for Enterprise Linux OS|Sean Michael Kerner|News|InternetNews|1382.0|1326.0
2010-06-04|HP's Bright Blade Server Future Includes 3Com Cameo|Andy Patrizio|News|InternetNews|411.0|390.0
2010-06-03|x86 Blade Server Buyer's Guide|Drew Robb|Buyer Guide|Freelance|2330.0|2029.0
2010-06-03|Ubuntu LTS 10.04, a Linux OS at Its Best|Juliet Kemp|Product Review|Freelance|8434.0|8189.0
2010-06-02|Latest Sun Ray Shines Light on a Virtual Oracle|Amy Newman|Opinion|Editor-Written|573.0|548.0
2010-06-02|China, Nvidia Build World's Fastest Supercomputer|Andy Patrizio|News|InternetNews|1886.0|1753.0
2010-06-01|iPad meets Open Source With Help From  WebDAV for Apache|Juliet Kemp|Tips and Tricks|Freelance|5915.0|4365.0
2010-07-29|3 Ways to Secure Your Virtualized Data Center|Paul Rubens|Tutorial/Howto|Freelance|541.0|504.0
2010-07-28|Virtualization Technologies Lure Governments|Amy Newman|Opinion|Editor-Written|167.0|151.0
2010-07-27|Novell Launches SUSE Appliance Gallery|Sean Michael Kerner|News|InternetNews|440.0|413.0
2010-07-27|'Secure OS': The Latest IT Oxymoron|Paul Rubens|Opinion|Freelance|1396.0|1347.0
2010-07-26|IBM in EU Antitrust Probe Over Mainframes|Andy Patrizio|News|InternetNews|426.0|415.0
2010-07-26|GoogleCL: Command-Line Googling|Juliet Kemp|Tips and Tricks|Freelance|1696.0|1633.0
2010-07-23|FreeBSD 8.1 Provides Evolutionary Open Source Software Upgrade|Sean Michael Kerner|News|InternetNews|2817.0|2691.0
2010-07-23|IT Workers Optimistic About Data Center Job Growth|No Author|Trends|Repurp|113.0|103.0
2010-07-22|Windows Server 2003, Bye-Bye|Kenneth Hess|Opinion|Freelance|1160.0|1093.0
2010-07-22|IBM Launches Massive New Mainframe Systems|Andy Patrizio|News|InternetNews|577.0|537.0
2010-07-22|Server Virtualization Myths --  10 to Debunk|Kenneth Hess|Top 10|Freelance|3055.0|2893.0
2010-07-22|Canonical Offers Cloud Computing Based Virtual DB2 Appliance for Ubuntu|Sean Michael Kerner|News|InternetNews|428.0|402.0
2010-07-21|OpSource's Private Cloud Bridge|Amy Newman|Opinion|Editor-Written|220.0|199.0
2010-07-20|IBM, HP Bring Unix Server Wares Front and Center|Paul Rubens|Opinion|Freelance|463.0|433.0
2010-07-19|Rackspace, NASA Partner on OpenStack Cloud Computing Install|Sean Michael Kerner|News|InternetNews|1025.0|950.0
2010-07-19|Accessing WebDAV as a Filesystem With davfs2|Juliet Kemp|Tips and Tricks|Freelance|1195.0|1123.0
2010-07-19|CA Debuts 5 Virtualization Management Apps|Larry Barrett|News|InternetNews|303.0|279.0
2010-07-16|Find the Perfect Employee for That Hard-to-Fill Data Center Job|No Author|Opinion|Repurp|155.0|137.0
2010-07-15|EMC Buyer's Guide: EMC Goes x86|Drew Robb|Buyer Guide|Freelance|813.0|763.0
2010-07-15| Novell openSUSE 11.3 Linux OS Gets Btrfs, New Kernel|Sean Michael Kerner|News|InternetNews|1827.0|1731.0
2010-07-15|Now With Server Virtualization Capabilities -- IBM Launches Open Beta for AIX 7|Andy Patrizio|News|InternetNews|629.0|579.0
2010-07-14|VMware, Cloudy With a (Strong) Chance of Server Virtualization|Amy Newman|Opinion|Editor-Written|361.0|339.0
2010-07-14|Setting Up OpenVPN on a DD-WRT Router, Part 1|Eric Geier|Tutorial/Howto|Freelance|11506.0|9827.0
2010-07-13|Is It 'Code Red' for Windows OS?|Paul Rubens|Opinion|Freelance|762.0|729.0
2010-07-13|VMware Updates vSphere 4.1 for Massive Cloud Computing Scale|Andy Patrizio|News|InternetNews|1153.0|1085.0
2010-07-12|Unstaging Files in the Open Source Software, Git|Juliet Kemp|Tips and Tricks|Freelance|1276.0|1214.0
2010-07-09|IT Firms See Blue Skies for Second Half 2010|No Author|Trends|Repurp|86.0|80.0
2010-07-08|Linux Servers: A Real Data Center Choice|Kenneth Hess|Opinion|Freelance|2509.0|2428.0
2010-07-08|Getting Started With Ipswitch's FTP Server -- WS_FTP Server 7.5|Joseph Moran|Product Review|Freelance|938.0|896.0
2010-07-08|KVM Adoption Isn't All About Commercial Support|Sean Michael Kerner|News|InternetNews|2016.0|1924.0
2010-07-07|VMware, ManageEngine  Join Forces to Drive Virtual Server Management|Amy Newman|Opinion|Editor-Written|339.0|316.0
2010-07-07|IBM's in Hot Water to Cool Servers|Andy Patrizio|News|InternetNews|645.0|607.0
2010-07-06|Cloud Computing's Back Alley Brawl|Paul Rubens|Opinion|Freelance|393.0|367.0
2010-07-06|Easy Redirection of Sudo Output|Juliet Kemp|Tips and Tricks|Freelance|2619.0|2521.0
2010-07-02|Likewise Open 6, Advancing Active Directory Interoperability With Open Source Software|Sean Michael Kerner|News|InternetNews|1050.0|985.0
2010-07-02|25 IT Job Sites to Kick Start Your Job Search|No Author|Top 10|Repurp|299.0|274.0
2010-07-01|Dell Servers Buyer's Guide|Drew Robb|Buyer Guide|Freelance|2776.0|2442.0
2010-08-31|VMware CEO Says SaaS Could Leave IT 'Holding the Bag'|David Needle|News|InternetNews|920.0|872.0
2010-08-31|VMworld Keynote: Up to the Minute|Amy Newman|News|Editor-Written|125.0|111.0
2010-08-31|VMware Weaves vFabric as Its Cloud Computing Application Platform|Sean Michael Kerner|News|InternetNews|672.0|611.0
2010-08-31|Virtual Acquisitions Coincide With VMworld|Amy Newman|Opinion|Editor-Written|217.0|200.0
2010-08-31|Identifying Disk Space|Juliet Kemp|Tips and Tricks|Freelance|1312.0|1273.0
2010-08-27|Supermicro Buyer&#146;s Guide|Drew Robb|Buyer Guide|Freelance|650.0|604.0
2010-08-27|8  Head-Scratching IT Help Desk Requests|No Author|Top 10|Repurp|301.0|280.0
2010-08-26|The Top 10 Linux Server Distributions|Kenneth Hess|Top 10|Freelance|11888.0|11015.0
2010-08-25|VMware Takes VMworld to the Cloud|Amy Newman|Opinion|Editor-Written|575.0|532.0
2010-08-24|Scaling the Security Chasm|Paul Rubens|Trends|Freelance|112.0|106.0
2010-08-23|Single vs. Double Quotes in Bash|Juliet Kemp|Tips and Tricks|Freelance|2134.0|2093.0
2010-08-20|Listen Up, Data Center Managers!|No Author|Trends|Repurp|123.0|116.0
2010-08-19|Dell Sees Server, Services Sales Soar|Christopher Saunders|News|InternetNews|515.0|487.0
2010-08-19|ROI Calculator Estimates Cloud Computing Cost Savings|David Needle|News|InternetNews|1307.0|1139.0
2010-08-19|Old School Server Management Still Alive and Well|Kenneth Hess|Opinion|Freelance|325.0|307.0
2010-08-18|Xsigo Promises Bold Data Center Management Advance|David Needle|News|InternetNews|402.0|370.0
2010-08-17|IBM's New Unix Server Sports 256 Cores|David Needle|News|InternetNews|1242.0|1167.0
2010-08-17|Open Source Software Soaring to Success|Paul Rubens|Opinion|Freelance|1358.0|1282.0
2010-08-17|Microsoft Bows Self-Service Virtual Machine Tool|Stuart J. Johnston|News|InternetNews|587.0|525.0
2010-08-16|Ranger: Console-Based File Management|Juliet Kemp|Tips and Tricks|Freelance|1481.0|1231.0
2010-08-14|The Importance of Being Multilingual -- in OSes|No Author|Opinion|Repurp|254.0|239.0
2010-08-13|CA Expands Cloud Computing Services With 4Base Buy|David Needle|News|InternetNews|479.0|414.0
2010-08-13|Windows Server 2008 R2 High Availability Technologies -- Live Migration|Marcin Policht|Tutorial/Howto|Freelance|1414.0|1347.0
2010-08-12|Novell Expands Cloud Computing Linux to Amazon|Sean Michael Kerner|News|InternetNews|551.0|512.0
2010-08-12|10  Data Center Management Mistakes You Might Be Making|Kenneth Hess|Top 10|Freelance|378.0|349.0
2010-08-12|VMware Takes Zimbra to the Cloud|Amy Newman|Opinion|Editor-Written|1105.0|1053.0
2010-08-11|Oracle Sets High Performance Server Hardware Agenda|David Needle|News|InternetNews|507.0|446.0
2010-08-10|Plugging Security Vulnerabilities -- What's the Hurry?|Paul Rubens|Opinion|Freelance|184.0|171.0
2010-08-10|Oracle Details Upcoming Solaris 11 Release|Sean Michael Kerner|News|InternetNews|5835.0|5348.0
2010-08-09|Open Source Software Scripting in Vim|Juliet Kemp|Tips and Tricks|Freelance|1456.0|1370.0
2010-08-06|HP Servers Buyer's Guide|Drew Robb|Buyer Guide|Freelance|2437.0|2153.0
2010-08-06|Power Protection Strategies for Small and Midsize Businesses|ServerWatch Staff|Trends|Editor-Written|75.0|60.0
2010-08-06|Storage Virtualization for Small and Midsize Businesses|ServerWatch Staff|Trends|Editor-Written|46.0|32.0
2010-08-05|Oracle Takes Next-Gen Data Center Push on the Road|David Needle|News|InternetNews|922.0|848.0
2010-08-05|Getting Started With Squid Proxy Server 3.1|Juliet Kemp|Product Review|Freelance|2350.0|2211.0
2010-08-05|VMware Expands Hyperic Management in 4.4 Release|Sean Michael Kerner|News|InternetNews|565.0|535.0
2010-08-04|The Rise of Virtual Server Management Vendors|Amy Newman|Opinion|Editor-Written|397.0|370.0
2010-08-03|Open Source Software Comes to a Fork in the Code|Paul Rubens|Opinion|Freelance|2232.0|2123.0
2010-08-03|Illumos Aims to Free Oracle's Open Source Software|Sean Michael Kerner|News|InternetNews|1741.0|1644.0
2010-08-02|Open Source Software Shortcuts for Doing More with 'Less'|Juliet Kemp|Tips and Tricks|Freelance|2252.0|2142.0
2010-09-30|Government Bodies Embrace Cloud Computing|Drew Robb|Trends|Freelance|747.0|675.0
2010-09-30|The 10  Best Data Center Education and Certification Opportunities|Kenneth Hess|Top 10|Freelance|1923.0|1505.0
2010-09-30|After the Server Virtualization Tipping Point|Amy Newman|Opinion|Editor-Written|369.0|335.0
2010-09-29|HDS, HP  Intro SAN Arrays for the Virtualized Enterprise|Dave Simpson|News|Repurp|300.0|272.0
2010-09-28|HP-UX: More Than Reliable, Middle-Aged and Dull|Paul Rubens|Opinion|Freelance|308.0|294.0
2010-09-27|Cisco, EMC and VMware Going Orange|Sean Michael Kerner|News|InternetNews|800.0|748.0
2010-09-27|Open Source Software Shortcut -- Escaping SSH With '~'|Juliet Kemp|Tips and Tricks|Freelance|11944.0|11575.0
2010-09-23|Use Virtual 8086 Mode to Secure Virtual Servers|Paul Rubens|Tutorial/Howto|Freelance|754.0|703.0
2010-09-22|Oracle T3 Server Buyer's Guide|Drew Robb|Buyer Guide|Freelance|1149.0|1084.0
2010-09-22|Novell Debuts Linux OS for SAP Apps|Sean Michael Kerner|News|InternetNews|551.0|518.0
2010-09-21|Server OS Landscape Rolls With the Punches|Paul Rubens|Opinion|Freelance|959.0|926.0
2010-09-20|PuTTY in Your Hands: Open Source Software Mail Solutions|Juliet Kemp|Tips and Tricks|Freelance|1822.0|1752.0
2010-09-17|KVM: Your Key to Open Source Server Virtualization|Kenneth Hess|Trends|Freelance|3063.0|2929.0
2010-09-16|VMware, Novell to Dance  Server Virtualization Tango|Amy Newman|Opinion|Editor-Written|1551.0|1442.0
2010-09-15|Getting Started With FreeBSD 8.1|Juliet Kemp|Product Review|Freelance|3286.0|3096.0
2010-09-14|Windows Server Security Best Practices|Paul Rubens|Opinion|Freelance|1107.0|1008.0
2010-09-13|Open Source Windows SSH Client Delivers Security Boost|Juliet Kemp|Tips and Tricks|Freelance|1704.0|1633.0
2010-09-10|Facebook Faces Up to Power and Cooling Challenge|Drew Robb|Trends|Freelance|588.0|554.0
2010-09-09|The Top 10 Data Center Annoyances|Kenneth Hess|Top 10|Freelance|507.0|487.0
2010-09-08|8   Conversations From the VMworld Show Floor|Amy Newman|Top 10|Editor-Written|788.0|736.0
2010-09-07|OS Turf Wars Move to Mobile|Paul Rubens|Opinion|Freelance|614.0|586.0
2010-09-07|Gnome-do: Open Source Software App Launcher|Juliet Kemp|Tips and Tricks|Freelance|1527.0|1451.0
2010-09-06|IT Salary Survey: Truth or Fiction?|James Maguire|Opinion|Repurp|465.0|441.0
2010-09-02|Why Intel's Bullish on Virtualization|David Needle|News|InternetNews|659.0|620.0
2010-09-02|Oracle Squelches Open Source Spirit|Paul Rubens|Opinion|Freelance|1273.0|1229.0
2010-09-02|Xsigo Takes a Punch at Cisco With New Virtual I/O Offering|Amy Newman|News|Editor-Written|593.0|556.0
2010-12-20| Surviving the Technical Interview|Deb Shinder|Tutorial/Howto|Repurp|0|0
2010-10-29|The Importance of Managing Unstructured Data|Paul Rubens|Trends|Freelance|717.0|644.0
2010-10-28|10  New Reasons to Virtualize Your Infrastructure|Kenneth Hess|Top 10|Freelance|1293.0|1166.0
2010-10-28|NEC Adds Hyper-V Fault Tolerance|Amy Newman|Opinion|Editor-Written|233.0|209.0
2010-10-27|Final Test for Windows Server 2008, 7 Service Packs|Stuart J. Johnston|News|InternetNews|426.0|390.0
2010-10-26|Apple Tells Developers, 'Mac OS X, Hold the Java'|Paul Rubens|Opinion|Freelance|1048.0|992.0
2010-10-25|Using Strace to Trace Problems|Joe Brockmeier|Tips and Tricks|Freelance|3782.0|3637.0
2010-10-22|Red Sky Supercomputer: A Showcase for Oracle/Sun Blade Servers and Storage|Drew Robb|Trends|Freelance|679.0|641.0
2010-10-22|7 Sources, 6 Steps -- Your Guide to Riding the  Career Wave|Pam Baker|Top 10|Repurp|317.0|284.0
2010-10-21|Setting Up an Open Source  Server, Firewall and Router  on Endian, Part 1|Eric Geier|Tutorial/Howto|Freelance|3101.0|2505.0
2010-10-21|OpenStack Delivers First Release of Cloud Computing Tech|Sean Michael Kerner|News|InternetNews|1533.0|1435.0
2010-10-21|Cygwin, the Great Linux vs. Windows Compromise|Kenneth Hess|Trends|Freelance|2001.0|1941.0
2010-10-20|Did Cloud Computing Jump the Shark?|Amy Newman|Opinion|Editor-Written|754.0|685.0
2010-10-19|Will Windows and Mac OS Fall Victim to Neglect?|Paul Rubens|Opinion|Freelance|605.0|577.0
2010-10-18|Make GNU Screen Your Default Shell|Joe Brockmeier|Tips and Tricks|Freelance|3855.0|3654.0
2010-10-15|Survey Finds Small Increase in Fourth Quarter IT Jobs|Larry Barrett|News|InternetNews|87.0|81.0
2010-10-14|10 System Administrator Tasks Ripe for Automation|Kenneth Hess|Top 10|Freelance|1380.0|1262.0
2010-10-13|Cisco Makes Virtual Switches Very Real|Drew Robb|Trends|Freelance|241.0|229.0
2010-10-12|Linux Gaining Share at Windows' Expense|Sean Michael Kerner|News|InternetNews|2284.0|2181.0
2010-10-12|10 Things to Know About Maverick Meerkat|Paul Rubens|Top 10|Freelance|4901.0|4763.0
2010-10-11|Meet Open Source Server Messaging Needs With GroupServer|Juliet Kemp|Tips and Tricks|Freelance|879.0|815.0
2010-10-11|4 Steps Every CIO Must Take to Get Ahead|Pam Baker|Top 10|Freelance|208.0|193.0
2010-10-08|Nominations Period Opens for CEO Vision Awards 2010|the InternetNews.com|News|Repurp|55.0|47.0
2010-10-07|IBM System z Buyer's Guide|Drew Robb|Buyer Guide|Freelance|1259.0|810.0
2010-10-07|Getting Started With Apache Tomcat 7|Juliet Kemp|Product Review|Freelance|4092.0|3727.0
2010-10-06|Simpana Aims to Simplify Storage Virtualization|Amy Newman|News|Editor-Written|224.0|200.0
2010-10-05|5 Operating Systems Making Big Waves This Week|Paul Rubens|Top 10|Freelance|5149.0|5011.0
2010-10-04|4 Big Data Center Migration Mistakes (and How to Avoid Them)|Irwin Teodoro|Top 10|Repurp|409.0|373.0
2010-10-04|Byobu: Like Screen, but Better|Juliet Kemp|Tips and Tricks|Freelance|3353.0|3128.0
2010-11-30|5 Operating Systems Making News This Week|Paul Rubens|Top 10|Freelance|3302.0|2949.0
2010-11-30|Red Hat Acquires Makara in Cloud Dev Tools Play|Sean Michael Kerner|News|InternetNews|438.0|414.0
2010-11-29|Easy Crontab Editing with Corntab|Joe Brockmeier|Tips and Tricks|Freelance|2526.0|2262.0
2010-11-26|Data Center Management Tools Gone Wild|Kenneth Hess|Opinion|Freelance|304.0|280.0
2010-11-24|10 Free Server Tools  Your Organization Needs|Kenneth Hess|Top 10|Freelance|11290.0|9967.0
2010-11-23|Novell Sells Out to Attachmate, Leaves the Future of Suse Linux Unclear|Paul Rubens|Opinion|Freelance|3005.0|2875.0
2010-11-22|Using lsof to Find Open Files|Joe Brockmeier|Tips and Tricks|Freelance|1516.0|1443.0
2010-11-21|Setting Up an Open Source Server, Firewall and Router on Endian, Part 2|Eric Geier|Tutorial/Howto|Freelance|1167.0|1062.0
2010-11-18|Virtualization Deemed 'Disruptive' to HPC|Amy Newman|Opinion|Editor-Written|295.0|281.0
2010-11-17|Top500 Supercomputing List Reveals Computing Trends|Drew Robb|Trends|Freelance|800.0|713.0
2010-11-16|Red Hat Enterprise Linux and the Trickle-Up Effect|Paul Rubens|Opinion|Freelance|1796.0|1718.0
2010-11-15|Cisco Takes  Aim at the Virtual Desktop|Sean Michael Kerner|News|InternetNews|589.0|548.0
2010-11-15|Check Apache Server Status From a Web Page|Joe Brockmeier|Tips and Tricks|Freelance|2051.0|1690.0
2010-11-14|Open-Xchange Continues to Deliver Solid Collaboration|Brian Proffitt|Product Review|Freelance|1013.0|982.0
2010-11-11|Uncover Your 10 Most Painful Performance Bottlenecks|Kenneth Hess|Top 10|Freelance|1042.0|964.0
2010-11-10| ScaleMP Takes vSMP Up a Notch|Amy Newman|News|Editor-Written|196.0|165.0
2010-11-10|Microsoft Releases SQL Server 'Denali' Preview|Stuart J. Johnston|News|InternetNews|1721.0|1600.0
2010-11-09|5 Things About Apple You Won't Hear From Steve Jobs|Paul Rubens|Top 10|Freelance|1947.0|1775.0
2010-11-08|Adding Users and Aliases for Postfix|Joe Brockmeier|Tips and Tricks|Freelance|784.0|747.0
2010-11-08|2011 IT Salaries: How Much Are You Really Worth?|James Maguire|Trends|Repurp|905.0|815.0
2010-11-05|IBM Power Systems Buyer's Guide|Drew Robb|Buyer Guide|Freelance|1459.0|1295.0
2010-11-04|Active Directory Domain Services Recovery in Win Server 2008 R2|Marcin Policht|Tutorial/Howto|Freelance|1312.0|1159.0
2010-11-04|Google Speeds Up the Web with Apache Web Server Module|Sean Michael Kerner|News|InternetNews|2872.0|2739.0
2010-11-03|Virtualization Looms Large for Windows Server 2008, Fedora Updates|Amy Newman|Opinion|Editor-Written|306.0|284.0
2010-11-02|Windows Server 2008 R2 Service Pack Shines While Silverlight Looks Hazy|Paul Rubens|Opinion|Freelance|909.0|875.0
2010-11-02|Fedora 14 Linux Heads to the Cloud|Sean Michael Kerner|News|InternetNews|1427.0|1381.0
2010-11-02|HP Pushes 'Instant On' Vision of Enterprise Cloud Services|David Needle|News|InternetNews|755.0|669.0
2010-11-01|Absolutely Essential Vim/vi Commands|Joe Brockmeier|Tips and Tricks|Freelance|3188.0|3052.0
2010-11-30|Citrix Offers Free Data Center Management Tools||Agcon|Agcon|64.0|63.0
2010-11-30|VMware: The Heart of the Next Generation Server||Agcon|Agcon|88.0|83.0
2010-11-30|Quarter Results for Microsoft Server and Tools Favorable||Agcon|Agcon|73.0|70.0
2010-11-30|Virtual Servers Have Organizations Thinking Twice||Agcon|Agcon|51.0|48.0
2010-11-29|The Necessity of a New Data Center||Agcon|Agcon|34.0|32.0
2010-11-29|Fujitsu Server Targets Small Businesses||Agcon|Agcon|32.0|31.0
2010-11-29|Drive Extender Removed From Windows Home Server||Agcon|Agcon|87.0|82.0
2010-11-29|Cloud Servers Need Vendor Transparency||Agcon|Agcon|16.0|16.0
2010-11-24|Compellent a Better Fit With Future Private Cloud||Agcon|Agcon|23.0|21.0
2010-11-24|ZeBu Server Showcased in France||Agcon|Agcon|40.0|38.0
2010-11-24|ZT System Joins ARM Race||Agcon|Agcon|36.0|35.0
2010-11-24|Datacenter Provides Unlimited Virtualization Rights||Agcon|Agcon|26.0|26.0
2010-11-23|Caution Suggested for Management of Data Center Servers||Agcon|Agcon|21.0|20.0
2010-11-23|Security Systems Deployed in Virtual Private Servers||Agcon|Agcon|21.0|21.0
2010-11-23|Server Consolidation Via Virtualization Eases Operations||Agcon|Agcon|17.0|17.0
2010-11-23|Microsoft's PDW Edition of SQL Server 2008 R2 Late From the Gate||Agcon|Agcon|51.0|51.0
2010-11-22|Server-Hosted Users See Value Delivered By VDI||Agcon|Agcon|48.0|46.0
2010-11-22|Data Center Management Relies on Servers and Racks||Agcon|Agcon|14.0|14.0
2010-11-22|Governor Schwarzenegger Virtual Migration Law||Agcon|Agcon|20.0|19.0
2010-11-22|Conversion Process of Migration to Virtual Servers||Agcon|Agcon|27.0|25.0
2010-11-19|Forrester Names Management for Virtualization in Top 15||Agcon|Agcon|48.0|46.0
2010-11-19|Virtual CommandCenter Aids Data Center Management||Agcon|Agcon|16.0|16.0
2010-11-19|Microsoft Launches Lync Unified Communications Platform||Agcon|Agcon|66.0|64.0
2010-11-19|HP Helps SMBs Switch From P2P to Server-Based Network||Agcon|Agcon|24.0|23.0
2010-11-18|Tax Office Develops Zero-Touch Server Builds||Agcon|Agcon|27.0|27.0
2010-11-18|Interlagos Bulldozes Magny-Cours Server Chips||Agcon|Agcon|29.0|28.0
2010-11-18|Azure Features Enable Easier Access to Cloud||Agcon|Agcon|6.0|6.0
2010-11-18|Linux SME Server Has History||Agcon|Agcon|60.0|58.0
2010-11-17|Gartner Analyst Clears Up Server Virtualization Misconceptions||Agcon|Agcon|55.0|55.0
2010-11-17|Athena for BlackBerry Enterprise Server Provides Seamless Integration||Agcon|Agcon|7.0|7.0
2010-11-17|Apple Server Admin Tools 10.6.5 AWOL||Agcon|Agcon|88.0|87.0
2010-11-17|Hyper-V Cloud Scheme Generates Server-Based Private Clouds||Agcon|Agcon|13.0|13.0
2010-11-16|SuperServer Demo at SuperComputing 2010||Agcon|Agcon|28.0|28.0
2010-11-16|Free Server Monitoring Service||Agcon|Agcon|34.0|34.0
2010-11-16|Koobface Server KO'ed||Agcon|Agcon|108.0|103.0
2010-11-16|Microsoft Attempts to Nudge Into Linux Market||Agcon|Agcon|43.0|43.0
2010-11-15|Server Virtualization Minimizes OpEx Costs||Agcon|Agcon|23.0|21.0
2010-11-15|Data Center Management: Managers Need the Right Staff||Agcon|Agcon|13.0|13.0
2010-11-15|Elpida Launches Record Density Memory Modules||Agcon|Agcon|16.0|16.0
2010-11-15|Virtualization: Look Before You Leap||Agcon|Agcon|17.0|17.0
2010-11-12|Red Hat Enterprise Linux Improves Virtualization||Agcon|Agcon|83.0|81.0
2010-11-12|Posting Suggests Cloud Backup Through Windows||Agcon|Agcon|84.0|82.0
2010-11-12|Creating a Backup Mac Server||Agcon|Agcon|31.0|29.0
2010-11-12|Creating a Zero Energy Cost Server||Agcon|Agcon|46.0|44.0
2010-11-11|Chasing the Elusive Goal of Server Uptime||Agcon|Agcon|19.0|19.0
2010-11-11|ScaleMP Announces Server Virtualization Expansion||Agcon|Agcon|28.0|27.0
2010-11-11|Virtual Server Backup Vender Merges With BakBone||Agcon|Agcon|56.0|54.0
2010-11-11|Virtualization and Cloud Computing||Agcon|Agcon|38.0|37.0
2010-11-10|Marvell Server Chip Versus Intel||Agcon|Agcon|152.0|150.0
2010-11-10|The Evolution of Server Virtualization Security||Agcon|Agcon|16.0|16.0
2010-11-10|New Solution For Large Scale Supercomputing Launched||Agcon|Agcon|25.0|24.0
2010-11-10|The Breckenridge Storage Server Unveiled||Agcon|Agcon|143.0|137.0
2010-11-09|Data Center Management Provider Releases Business-Oriented Solution||Agcon|Agcon|14.0|14.0
2010-11-09|Virtual Server Security Risks Spook IT Execs||Agcon|Agcon|29.0|28.0
2010-11-09|The Difference Between Server and Desktop Virtualization||Agcon|Agcon|419.0|400.0
2010-11-09|Linux Offers an Affordable Server Option||Agcon|Agcon|63.0|62.0
2010-11-09|Hyper-V Cloud Launched by Server Vendors||Agcon|Agcon|28.0|27.0
2010-11-08|Wayland Server Chosen by Ubuntu||Agcon|Agcon|236.0|222.0
2010-11-08|Synology Releases Small Business Server||Agcon|Agcon|23.0|23.0
2010-11-08|Free BlackBerry Enterprise Server Available||Agcon|Agcon|25.0|25.0
2010-11-08|Xserve Replaced By Mac Pro Server Edition||Agcon|Agcon|25.0|25.0
2010-11-05|SuperServer Launched||Agcon|Agcon|48.0|47.0
2010-11-05|Op5 Offers Cloud Control During Migration||Agcon|Agcon|11.0|11.0
2010-11-05|Clearing Virtualization Hurdles||Agcon|Agcon|33.0|32.0
2010-11-04|Data Recovery Addition Puts Pressure on VMWare||Agcon|Agcon|125.0|122.0
2010-11-04|Zend Positions PHP For the Cloud||Agcon|Agcon|32.0|31.0
2010-11-04|SQLServerPedia Feature Unveiled||Agcon|Agcon|22.0|21.0
2010-11-04|Hospital IT Professionals Concerned About Back-Up Power||Agcon|Agcon|3.0|3.0
2010-11-03|Breckenridge Joins Microsoft's Colorado Family||Agcon|Agcon|335.0|325.0
2010-11-03|Userful Linux Alternative Offers School Alternative||Agcon|Agcon|91.0|86.0
2010-11-03|Dell PowerEdge Big On Value For Those Short On Space||Agcon|Agcon|23.0|23.0
2010-11-03|Microsoft Hyper-V Supported By Stratus||Agcon|Agcon|36.0|35.0
2010-11-02|Server Virtualization Uptake Boosted By PCI DSS||Agcon|Agcon|22.0|21.0
2010-11-02|Exchange Server Access Offered by 123Together.com||Agcon|Agcon|11.0|9.0
2010-11-02|Government Google Exclusion Leads To Lawsuit||Agcon|Agcon|16.0|16.0
2010-11-02|High Power Computer on a Low Budget||Agcon|Agcon|45.0|45.0
2010-11-01|Nimsoft Tool Safeguards Cloud Initiatives||Agcon|Agcon|40.0|38.0
2010-11-01|Virtualization Eases Microsoft Move||Agcon|Agcon|16.0|15.0
2010-11-01|Server Virtualization Top Priority For SMBs||Agcon|Agcon|15.0|14.0
2010-11-01|Cloud Development Corporations Form Alliance||Agcon|Agcon|34.0|32.0
2010-12-28|10 Server Predictions for '11|Kenneth Hess|Opinion|Freelance|2914.0|2663.0
2010-12-27|Managing Yum Plugins|Joe Brockmeier|Tips and Tricks|Freelance|1373.0|1331.0
2010-12-22|Big Box Appliance Buyer's Guide|Drew Robb|Buyer Guide|Freelance|338.0|321.0
2010-12-21|Grid vs. Cloud: What's the Difference?|Sean Michael Kerner|News|InternetNews|995.0|944.0
2010-12-21|10 Server Hardware Highlights of 2010|Drew Robb|Top 10|Freelance|2920.0|2711.0
2010-12-20|Two  Open Source Software Alternatives to Cron|Joe Brockmeier|Tips and Tricks|Freelance|1813.0|1726.0
2010-12-17|Apache Tomcat Gets New Support with WSO2 Application Server 4.0|Sean Michael Kerner|News|InternetNews|735.0|624.0
2010-12-17|Rackspace Looks to Bring Order to 'Cloud Chaos'|David Needle|News|InternetNews|293.0|269.0
2010-12-16|The 5 People You Meet in the Data Center|Kenneth Hess|Top 10|Freelance|376.0|350.0
2010-12-15|Will VMware Bring Virtualization Technology to Your iPhone?|Amy Newman|Opinion|Editor-Written|832.0|779.0
2010-12-14|2010 Server OS Winners and Losers|Paul Rubens|Opinion|Freelance|7036.0|6365.0
2010-12-13|Using Powertop to Lower System Power Usage|Joe Brockmeier|Tips and Tricks|Freelance|2029.0|1775.0
2010-12-12|Windows Server 2008 R2 AD Domain Services -- Managed Service Accounts|Marcin Policht|Tutorial/Howto|Freelance|469.0|428.0
2010-12-09|10 Forces Driving Your Potentially Agile Data Center|Kenneth Hess|Top 10|Freelance|266.0|237.0
2010-12-08|Public Cloud Not Widely Used -- Yet|Sean Michael Kerner|News|InternetNews|664.0|608.0
2010-12-08|Migrations to Exchange 2010 Heating Up|Stuart J. Johnston|News|InternetNews|1347.0|1306.0
2010-12-07|Oracle Prepping for Server OS Domination|Paul Rubens|Opinion|Freelance|1706.0|1635.0
2010-12-06|Using Taskset for Priority Tasks|Joe Brockmeier|Tips and Tricks|Freelance|1077.0|1008.0
2010-12-05|Schneider Electric Data Center Showcases Server Consolidation and Energy Efficiency|Drew Robb|Tips and Tricks|Freelance|820.0|457.0
2010-12-03|Oracle Debuts SPARC Supercluster|Sean Michael Kerner|News|InternetNews|569.0|535.0
2010-12-02|BlackBerry Enterprise Server Express Enables SMBs to Go the Distance|Eric Geier|Product Review|Freelance|304.0|279.0
2010-12-02|Paul Maritz Named Visionary CEO by InternetNews.com|Amy Newman|News|Editor-Written|203.0|164.0
2010-12-01|Server  Hardware Revenue Growth Strongest in a Decade|David Needle|News|InternetNews|833.0|751.0
2010-12-30|Brocade VDX 6720 Data Center Switch Top Enterprise IT Product||Agcon|Agcon|172.0|163.0
2010-12-30|Data Center Server Room Management Tips||Agcon|Agcon|31.0|27.0
2010-12-30|ServerPulse Launches Server Monitoring Tool||Agcon|Agcon|19.0|19.0
2010-12-30|Recover Data Offers Linux Server Recovery Software||Agcon|Agcon|51.0|51.0
2010-12-29|Virtual Desktops Too New For Consumers||Agcon|Agcon|102.0|99.0
2010-12-29|Easy WordPress Server Installation||Agcon|Agcon|47.0|46.0
2010-12-29|2X VirtualDesktopServer Available||Agcon|Agcon|75.0|72.0
2010-12-29|Force10 Offers Data Center Open Automation Products||Agcon|Agcon|53.0|48.0
2010-12-28|Open Source Flash Server Debuts||Agcon|Agcon|311.0|301.0
2010-12-28|Web Server Monitoring Can Keep Things Profitable||Agcon|Agcon|12.0|12.0
2010-12-28|Apple Server Farm Among the Largest in the World||Agcon|Agcon|94.0|88.0
2010-12-27|Synology Storage Server Targets Small Businesses||Agcon|Agcon|20.0|20.0
2010-12-27|Linux Server Performance Monitoring Software||Agcon|Agcon|155.0|150.0
2010-12-27|Red Hat Enterprise Linux-Windows Server Duel||Agcon|Agcon|83.0|81.0
2010-12-22|Trend Micro Leads Worldwide Server Security Market Share||Agcon|Agcon|63.0|60.0
2010-12-22|HP To Deliver Global Data Center Services||Agcon|Agcon|18.0|17.0
2010-12-21|Amazon EC2 a Hit With Hasbro||Agcon|Agcon|54.0|54.0
2010-12-21|Crossing Boundaries With Kusnetzky Group Virtualization Technology||Agcon|Agcon|22.0|22.0
2010-12-21|AppFirst Announces new Version of Cloud Server Monitoring Solution||Agcon|Agcon|22.0|21.0
2010-12-21|Dual Rail LCD KVM Switches Enables Access to 512 Computers||Agcon|Agcon|29.0|29.0
2010-12-20|First OPN Specialization for Oracle Exadata Database||Agcon|Agcon|27.0|27.0
2010-12-20|Blade Servers Shine in Networking Flexibility||Agcon|Agcon|28.0|28.0
2010-12-20|Server Room Monitoring Is A Good First Step||Agcon|Agcon|28.0|28.0
2010-12-17|Switchback Helps Troublesome SQL Server Installs||Agcon|Agcon|46.0|45.0
2010-12-17|Ohio State Server Breach Largest This Year||Agcon|Agcon|36.0|36.0
2010-12-17|Small Business Server 2011 Essentials||Agcon|Agcon|213.0|210.0
2010-12-17|Cloudkick Cloud Server Monitoring Tools Developer Acquired||Agcon|Agcon|12.0|12.0
2010-12-16|Top 4 Managed Cloud Offerings in the Server World||Agcon|Agcon|141.0|139.0
2010-12-16|Slideaway Switches Enable Access to Multiple Servers||Agcon|Agcon|5.0|5.0
2010-12-16|Virtual Server Backup Software Buyer's Guide Released||Agcon|Agcon|83.0|78.0
2010-12-15|Synology Home and Office NAS Server Launched||Agcon|Agcon|25.0|25.0
2010-12-15|HP ProLiant Servers and Blades Streamline Virtual Environments||Agcon|Agcon|14.0|14.0
2010-12-15|Microsoft Server for Small Businesses Released||Agcon|Agcon|103.0|101.0
2010-12-15|HP Claims World's Top Server Vendor||Agcon|Agcon|20.0|20.0
2010-12-14|New Data Center Management and Infrastructure Solution||Agcon|Agcon|27.0|27.0
2010-12-14|Server Virtualization Aids Mobile App Growth||Agcon|Agcon|49.0|47.0
2010-12-14|Gawker Founder's Group Classification Blamed For Gnosis Hack||Agcon|Agcon|46.0|45.0
2010-12-14|Intel's Dominance At Risk||Agcon|Agcon|17.0|15.0
2010-12-13|Federal Agency Begins Data Center Management Effort||Agcon|Agcon|32.0|27.0
2010-12-13|Use of Large Scale NAT (LSN) Systems Will Cause Problems||Agcon|Agcon|33.0|32.0
2010-12-13|Novosoft Offers Handy Backup Server||Agcon|Agcon|13.0|13.0
2010-12-13|Google Email Continuity: A Plan B Server||Agcon|Agcon|37.0|37.0
2010-12-10|Technical Computing Leader Announces Modular Data Center||Agcon|Agcon|30.0|27.0
2010-12-10|Linux Server Troubleshooting||Agcon|Agcon|86.0|83.0
2010-12-10|Server Software Figures Grow In Q3||Agcon|Agcon|15.0|14.0
2010-12-10|Google Offers Exchange Server Back-Up and Disaster-Recovery Solution||Agcon|Agcon|84.0|82.0
2010-12-09|Data Center Cloud Computing Trends Focus of Latest Survey||Agcon|Agcon|173.0|161.0
2010-12-09|Moving From SaaS to PaaS||Agcon|Agcon|22.0|22.0
2010-12-09|Cloud Server Provider Launches Web VNC App||Agcon|Agcon|21.0|21.0
2010-12-09|ThinVNC Remote Access Server Released||Agcon|Agcon|45.0|42.0
2010-12-08|Data Center Management Solution Announced By Panduit||Agcon|Agcon|25.0|25.0
2010-12-08|Enterprise Server Virtualization Market Growing||Agcon|Agcon|60.0|52.0
2010-12-08|Servers Praised in Energy Management||Agcon|Agcon|5.0|5.0
2010-12-08|Integrated Cloud Delivery Platform Deepens BMC, Cisco Partnership||Agcon|Agcon|16.0|16.0
2010-12-07|Databases in the Cloud Destined to Wield the Greatest Impact||Agcon|Agcon|26.0|24.0
2010-12-07|Data Center Performance Management Suite Measures PUE||Agcon|Agcon|20.0|20.0
2010-12-07|Pay-As-You-Go Down Route 53 DNS Server||Agcon|Agcon|16.0|16.0
2010-12-07|.NET and  BizTalk Server See New JMS Adapters||Agcon|Agcon|7.0|7.0
2010-12-06|Data Security and Cloud Computing||Agcon|Agcon|120.0|116.0
2010-12-06|Data Center Power Distribution Unit Provider Offers Upgrades||Agcon|Agcon|12.0|11.0
2010-12-06|IDC Examines Server Sales For Q3||Agcon|Agcon|22.0|22.0
2010-12-06|Oracle Updates Server Hardware||Agcon|Agcon|53.0|52.0
2010-12-03|Opalis Runs on Windows Server 2008||Agcon|Agcon|30.0|30.0
2010-12-03|VMware Workstation 7 Offers Advanced Virtualization||Agcon|Agcon|114.0|111.0
2010-12-03|Windows Service Pack Blocker For Windows Server 2008 R2||Agcon|Agcon|75.0|75.0
2010-12-03|Enterprise Server Specialists Offered Advantage||Agcon|Agcon|20.0|20.0
2010-12-02|Server Software is Pricey And Free Downloads Are Worth Using||Agcon|Agcon|82.0|78.0
2010-12-02|IT Admins Stick With Xserve To The Bitter End||Agcon|Agcon|53.0|52.0
2010-12-02|Worldwide Server Market Sees Fastest Growth In a Decade||Agcon|Agcon|5.0|5.0
2010-12-02|Home Server Technology Divides HP and Microsoft||Agcon|Agcon|38.0|34.0
2010-12-01|Unix Not Part Of The Deal With Attachmate||Agcon|Agcon|202.0|196.0
2010-12-01|Magirus, SolarWinds Partner on Virtualized Data Center Management||Agcon|Agcon|13.0|12.0
2010-12-01|Extensive Capabilities of ArcGIS Server Expand Scope of Project||Agcon|Agcon|18.0|18.0
2010-12-01|New Automation Control System Has Built-In OPC Server||Agcon|Agcon|22.0|22.0
