pub_date|title|site|editor|cost|source id|type id|effort|url
2010-05-26|Leverage SharePoint Search to Create a Department Directory|Sharepoint Briefing|Tom Dunlap|0.0||||http://www.sharepointbriefing.com/features/article.php/3884376
2010-05-20|Overview of SharePoint 2010 Web Databases|Sharepoint Briefing|Tom Dunlap|0.0||||http://www.sharepointbriefing.com/features/article.php/3883311
2010-05-11|SharePoint 2010 Web Compliancy|Sharepoint Briefing|Tom Dunlap|0.0||||http://www.sharepointbriefing.com/features/article.php/3881406
2010-05-01|SharePointBriefing.com Partners with Schools.com|Sharepoint Briefing|Tom Dunlap|0.0||||http://www.sharepointbriefing.com/spother/article.php/3880911
2010-05-25|Referencing External Configuration Files in .NET|DevX|Tom Dunlap|0.0||5|1.0|
2010-07-21|C# Programming: Context Menu on Windows Forms - Part 1|Code Guru|Rich Hein|0.0||||http://www.codeguru.com/csharp/.net/net_general/article.php/c17561
2010-09-30|Performance Point -- It's Not Just for BI Geeks Any More|Sharepoint Briefing|Tom Dunlap|0.0|||0.0|http://www.sharepointbriefing.com/features/article.php/3906296
2010-09-30|Quickly Create Charts in SharePoint 2010|Sharepoint Briefing|Tom Dunlap|0.0|||0.0|http://www.sharepointbriefing.com/features/article.php/3906281
2010-09-22|Create a Printer Friendly Page in Your SharePoint Sites|Sharepoint Briefing|Tom Dunlap|0.0|||0.0|http://www.sharepointbriefing.com/features/article.php/3904906
2010-09-10|Create Themes for SharePoint 2010 Using Word 2010|Sharepoint Briefing|Tom Dunlap|0.0|||0.0|http://www.sharepointbriefing.com/features/article.php/3903031
2010-09-22|Dispelling the Myth of Cloud Standards|Cloud Computing Portal|Mike Pastore|0.0|||0.0|http://cloudcomputing.internet.com/management/article.php/3904776
2010-09-14|Grid, HPC Cluster and Cloud - Part I, an Infrastructure Perspective|Cloud Computing Portal|Mike Pastore|0.0|||0.0|http://cloudcomputing.internet.com/networking_infrastructure/article.php/3903481
2010-09-14|Novell Aims to Manage Private Clouds|Cloud Computing Portal|Mike Pastore|0.0|||0.0|http://cloudcomputing.internet.com/private_cloud/article.php/3903476
2010-09-14|12 Questions to Ask About Optimizing Cloud Services|Cloud Computing Portal|Mike Pastore|0.0|||0.0|http://cloudcomputing.internet.com/management/article.php/3903471
2010-09-14|BI in the Cloud - Is It Just Pie in the Sky?|Cloud Computing Portal|Mike Pastore|0.0|||0.0|http://cloudcomputing.internet.com/applications/article.php/3903446
2010-10-29|Using Site-Level Workflows in SharePoint 2010|Sharepoint Briefing|Tom Dunlap|0.0|||0.0|http://www.sharepointbriefing.com/features/article.php/3910746
2010-10-29|Finding Great SharePoint Talent|Sharepoint Briefing|Tom Dunlap|0.0|||0.0|http://www.sharepointbriefing.com/features/article.php/3910676
2010-10-25|Building Killer Android Tablet Apps: Design and Development Tips|Developer.com|Glen Kunene|0.0|||0.0|http://www.developer.com/java/j2me/article.php/3909871
2010-10-22|Jetty Continuations: Push Your Java Server Beyond Its Scalability Limits|Developer.com|Glen Kunene|0.0|||0.0|http://www.developer.com/java/web/article.php/3909666
2010-10-21|Developer Bonanza? $250M sFund Aims to Grow Facebook, Social Web Apps|Developer.com|Glen Kunene|0.0|||0.0|http://www.developer.com/services/article.php/3909421
2010-10-20|Top Five Web Hosting Companies for Web Developers|HTML Goodies|Scott Clark|0.0|4||1.5|http://www.htmlgoodies.com/beyond/webmaster/article.php/3909271
2010-10-20|Building a Test Platform in the Cloud with Open Source Technologies|Developer.com|Glen Kunene|0.0|||0.0|http://www.developer.com/open/article.php/3909156
2010-10-19|Top 5 Rails Frameworks for Building Social Networks|Developer.com|Glen Kunene|0.0|||0.0|http://www.developer.com/lang/rubyrails/article.php/3908996
2010-10-18|Top 10 New Features in Maven 3|Developer.com|Glen Kunene|0.0|||0.0|http://www.developer.com/open/article.php/3908561
2010-10-15|Fog Aims to Advance Ruby in the Cloud|Developer.com|Glen Kunene|0.0|||0.0|http://www.developer.com/open/article.php/3908466
2010-10-14|5 Tips for Acing the IBM WebSphere App Server Admin Course|Developer.com|Glen Kunene|0.0|||0.0|http://www.developer.com/mgmt/article.php/3908426
2010-10-13|Taking Apache Tomcat 7 for a Test Drive|Developer.com|Glen Kunene|0.0|||0.0|http://www.developer.com/java/web/article.php/3908256
2010-10-12|IBM WebSphere Offers Java Web Developers Timely Options for Handling Complexity|Developer.com|Glen Kunene|0.0|||0.0|http://www.developer.com/java/web/article.php/3908131
2010-10-11|IBM Joins Oracle in OpenJDK Effort|Developer.com|Glen Kunene|0.0|||0.0|http://www.developer.com/open/article.php/3907801
2010-10-11|The 10 Most Popular DIY Wiki Projects|Developer.com|Glen Kunene|0.0|||0.0|http://www.developer.com/services/article.php/3907726
2010-10-08|Apache Shindig Gets Social|Developer.com|Glen Kunene|0.0|||0.0|http://www.developer.com/open/article.php/3907581
2010-10-08|Tcat Server Improves Tomcat Performance, Supports Tomcat 7|Developer.com|Glen Kunene|0.0|||0.0|http://www.developer.com/java/web/article.php/3907496
2010-10-07|Komodo 6 Brings HTML 5, CSS 3 to the IDE|Developer.com|Glen Kunene|0.0|||0.0|http://www.developer.com/lang/other/article.php/3907331
2010-10-06|Mining Amazon.com Catalog Data with Ruby|Developer.com|Glen Kunene|0.0|||0.0|http://www.developer.com/lang/rubyrails/article.php/3907086
2010-10-06|Building Easy Dashboards with SharePoint|Sharepoint Briefing|Tom Dunlap|0.0|||0.0|http://www.sharepointbriefing.com/features/article.php/3907066
2010-10-05|How Training Got Me from Co-op Student to Java Solution Architect|Developer.com|Glen Kunene|0.0|||0.0|http://www.developer.com/mgmt/article.php/3906871
2010-10-05|Add Activity Feeds and Media to a Rails-based Social Network|Developer.com|Glen Kunene|0.0|||0.0|http://www.developer.com/lang/rubyrails/article.php/3906856
2010-10-04|Rails 3: First Impressions from a Veteran Ruby on Rails Guy|Developer.com|Glen Kunene|0.0|||0.0|http://www.developer.com/lang/rubyrails/article.php/3906596
2010-10-01|Introducing the Google Maps JavaScript API V3|Developer.com|Glen Kunene|0.0|||0.0|http://www.developer.com/open/article.php/3906451
2010-10-01|Video: Developing Custom Zend Framework View Helpers|Developer.com|Glen Kunene|0.0|||0.0|http://www.developer.com/lang/php/article.php/3906426
2010-10-01|Yammer 2.0 Aims for Enterprise Social Networking|Instant Messaging Planet|Michael Hall|0.0|||0.0|http://www.instantmessagingplanet.com/enterprise/article.php/3906421
2010-11-30|IT and eDiscovery Collections|Enterprise Storage Forum|Dave Simpson|0.0|||0.0|http://www.enterprisestorageforum.com/management/features/article.php/3914881
2010-11-24|Budgeting for Disk Storage, 2010 - 2013|Enterprise Storage Forum|Dave Simpson|0.0|||0.0|http://www.enterprisestorageforum.com/management/features/article.php/3914586
2010-11-22|Oracle Says it Isn&#146;t Losing its Lustre|Enterprise Storage Forum|Dave Simpson|0.0|||0.0|http://www.enterprisestorageforum.com/technology/features/article.php/3914241
2010-11-22|Compellent Extends Storage Center SAN Architecture|Enterprise Storage Forum|Dave Simpson|0.0|||0.0|http://www.enterprisestorageforum.com/hardware/news/article.php/3914201
2010-11-19|IBM Builds on Hadoop with New Storage Architecture|Enterprise Storage Forum|Dave Simpson|0.0|||0.0|http://www.enterprisestorageforum.com/technology/news/article.php/3913996
2010-11-19|NetApp Earnings Up on Hardware Revenues|Enterprise Storage Forum|Dave Simpson|0.0|||0.0|http://www.enterprisestorageforum.com/industrynews/article.php/3913981
2010-11-19|Solid State Disk Market Heats Up|Enterprise Storage Forum|Dave Simpson|0.0|||0.0|http://www.enterprisestorageforum.com/technology/news/article.php/3913976
2010-11-18|LSI Delivers Solid State Accelerator Card|Enterprise Storage Forum|Dave Simpson|0.0|||0.0|http://www.enterprisestorageforum.com/hardware/news/article.php/3913736
2010-11-18|IBM Ousts HP, Oracle With Customer Wins|Enterprise Storage Forum|Dave Simpson|0.0|||0.0|http://www.enterprisestorageforum.com/industrynews/article.php/3913726
2010-11-18|Cisco Unveils Virtual Desktop Platform|Enterprise Storage Forum|Dave Simpson|0.0|||0.0|http://www.enterprisestorageforum.com/industrynews/article.php/3913721
2010-11-17|Hitachi GST Ships Solid State Disk Drives|Enterprise Storage Forum|Dave Simpson|0.0|||0.0|http://www.enterprisestorageforum.com/hardware/news/article.php/3913576
2010-11-17|Silver Peak Virtualizes WAN Optimization Appliance|Enterprise Storage Forum|Dave Simpson|0.0|||0.0|http://www.enterprisestorageforum.com/sans/news/article.php/3913571
2010-11-17|Enterasys DCM Software Supports VM Mobility|Enterprise Storage Forum|Dave Simpson|0.0|||0.0|http://www.enterprisestorageforum.com/sans/news/article.php/3913526
2010-11-16|HTMLGoodies Short Vistor Survey|HTML Goodies|Scott Clark|0.0|3||0.0|http://www.htmlgoodies.com/beyond/article.php/3913501
2010-11-16|Data Robotics Scores SMB Storage Deal with HP|Enterprise Storage Forum|Dave Simpson|0.0|||0.0|http://www.enterprisestorageforum.com/hardware/news/article.php/3913386
2010-11-16|The Benefits of 16Gbps Fibre Channel|Enterprise Storage Forum|Dave Simpson|0.0|||0.0|http://www.enterprisestorageforum.com/sans/features/article.php/3913321
2010-11-16|BridgeSTOR Launches Application-Optimized Storage Appliances|Enterprise Storage Forum|Dave Simpson|0.0|||0.0|http://www.enterprisestorageforum.com/hardware/news/article.php/3913316
2010-11-15|Brocade Moves FCoE Beyond Top-of-Rack|Enterprise Storage Forum|Dave Simpson|0.0|||0.0|http://www.enterprisestorageforum.com/sans/news/article.php/3913106
2010-11-15|EMC Snaps Up Isilon for $2.25 Billion|Enterprise Storage Forum|Dave Simpson|0.0|||0.0|http://www.enterprisestorageforum.com/hardware/news/article.php/3913076
2010-11-12|No Quick Fix for Storage Management Woes|InternetNews|Kenneth Corbin|0.0|||1.0|http://www.internetnews.com/storage/article.php/3912996
2010-11-12|IBM's New 'VISION' for Cloud Storage|Enterprise Storage Forum|Dave Simpson|0.0|||0.0|http://www.enterprisestorageforum.com/outsourcing/news/article.php/3912921
2010-11-12|10 More Ways to Save on Storage|Enterprise Storage Forum|Dave Simpson|0.0|||0.0|http://www.enterprisestorageforum.com/management/features/article.php/3912881
2010-11-11|Google Voice to Replace Your Business Phone System?|VoIP Planet|Ted Stevenson|0.0|||0.0|http://www.voipplanet.com/trends/article.php/3912801
2010-11-11|Riverbed Launches Whitewater Appliance for Cloud Storage|Enterprise Storage Forum|Dave Simpson|0.0|||0.0|http://www.enterprisestorageforum.com/outsourcing/news/article.php/3912746
2010-11-11|Oracle Ops Center Manages Storage Hardware|Enterprise Storage Forum|Dave Simpson|0.0|||0.0|http://www.enterprisestorageforum.com/hardware/news/article.php/3912691
2010-11-11|Cisco Shows Signs of Weakness in Q1|Enterprise Storage Forum|Dave Simpson|0.0|||0.0|http://www.enterprisestorageforum.com/sans/news/article.php/3912686
2010-11-11|CA Adds Multi-Stream Replication to ARCserve|Enterprise Storage Forum|Dave Simpson|0.0|||0.0|http://www.enterprisestorageforum.com/continuity/news/article.php/3912681
2010-11-10|Unified Communications: Failed technology?|VoIP Planet|Ted Stevenson|0.0|||0.0|http://www.voipplanet.com/trends/article.php/3912546
2010-11-10|EMC Buys Mainframe VTL Maker Bus-Tech|Enterprise Storage Forum|Dave Simpson|0.0|||0.0|http://www.enterprisestorageforum.com/continuity/news/article.php/3912471
2010-11-10|NetApp Revamps Storage Hardware, Software Products|Enterprise Storage Forum|Dave Simpson|0.0|||0.0|http://www.enterprisestorageforum.com/hardware/news/article.php/3912421
2010-11-10|Dot Hill Moves Into Unified Virtual Storage|Enterprise Storage Forum|Dave Simpson|0.0|||0.0|http://www.enterprisestorageforum.com/hardware/news/article.php/3912416
2010-11-10|Panasas Pushes Scale-Out Storage Performance Envelope|Enterprise Storage Forum|Dave Simpson|0.0|||0.0|http://www.enterprisestorageforum.com/hardware/news/article.php/3912391
2010-11-09|Emulex Encrypts Data at Server Level|eSecurity Planet|Kevin Komiega|0.0|||0.0|http://www.esecurityplanet.com/news/article.php/3912241
2010-11-09|New Smartphone Security Solution from Juniper|eSecurity Planet|Kevin Komiega|0.0|||0.0|http://www.esecurityplanet.com/news/article.php/3912236
2010-11-09|Google Improves Android Mobile Security|eSecurity Planet|Kevin Komiega|0.0|||0.0|http://www.esecurityplanet.com/news/article.php/3912201
2010-11-09|Quest to Buy BakBone Software for Data Protection|Enterprise Storage Forum|Dave Simpson|0.0|||0.0|http://www.enterprisestorageforum.com/continuity/news/article.php/3912146
2010-11-09|The Slow Climb Out of Storage Management Hell|Enterprise Storage Forum|Dave Simpson|0.0|||0.0|http://www.enterprisestorageforum.com/management/features/article.php/3912131
2010-11-08|Web|ServerWatch|Amy Newman|0.0|||0.0|http://www.serverwatch.com/sreviews/article.php/1183041
2010-11-08|Beyond Voice: Reaching Out to Your Customers via Social Media|VoIP Planet|Ted Stevenson|0.0|||0.0|http://www.voipplanet.com/trends/article.php/3911986
2010-11-08|Promise Ships RAID Arrays Based on Jasper Forest|Enterprise Storage Forum|Dave Simpson|0.0|||0.0|http://www.enterprisestorageforum.com/hardware/news/article.php/3911961
2010-11-08|Broadcom Rolls Out Silicon for 100GbE Networks|Enterprise Storage Forum|Dave Simpson|0.0|||0.0|http://www.enterprisestorageforum.com/sans/news/article.php/3911956
2010-11-08|Survey Says: Virtual Machine Backups Not Up to Snuff|Enterprise Storage Forum|Dave Simpson|0.0|||0.0|http://www.enterprisestorageforum.com/continuity/features/article.php/3911951
2010-11-08|IT, eDiscovery and Enlightened Self-Interest|Enterprise Storage Forum|Dave Simpson|0.0|||0.0|http://www.enterprisestorageforum.com/management/features/article.php/3911921
2010-11-05|Netgear Adds Replication, Cloud Options to New ReadyNAS Family|Enterprise Storage Forum|Dave Simpson|0.0|||0.0|http://www.enterprisestorageforum.com/hardware/news/article.php/3911696
2010-11-05|CIOs Struggling With Data Growth|Enterprise Storage Forum|Dave Simpson|0.0|||0.0|http://www.enterprisestorageforum.com/management/features/article.php/3911686
2010-11-04|VoIP Provider Cbeyond Acquires MaximumASP and Aretta Communications|VoIP Planet|Ted Stevenson|0.0|||0.0|http://www.voipplanet.com/news/article.php/3911546
2010-11-04|5 Questions With FalconStor CEO James McNiel|Enterprise Storage Forum|Dave Simpson|0.0|||0.0|http://www.enterprisestorageforum.com/continuity/features/article.php/3911526
2010-11-04|Oracle Proposes Cloud Management Standard|Enterprise Storage Forum|Dave Simpson|0.0|||0.0|http://www.enterprisestorageforum.com/outsourcing/news/article.php/3911466
2010-11-04|10 More Reasons to Virtualize Your Data Center|Enterprise Storage Forum|Dave Simpson|0.0|||0.0|http://www.enterprisestorageforum.com/management/features/article.php/3911461
2010-11-04|Defusing the Unstructured Data Time Bomb|Enterprise Storage Forum|Dave Simpson|0.0|||0.0|http://www.enterprisestorageforum.com/management/features/article.php/3911456
2010-11-03|Bocada Attempts to Move Enterprise Users to Prism|Enterprise Storage Forum|Dave Simpson|0.0|||0.0|http://www.enterprisestorageforum.com/continuity/news/article.php/3911286
2010-11-02|Small Business Web Tools: Learn, Earn and Grow|Small Business Computing|Lauren Simonds|0.0||5|1.0|http://www.smallbusinesscomputing.com/emarketing/article.php/3911086
2010-11-02|Dell to Buy Boomi for Cloud Integration Platform|Enterprise Storage Forum|Dave Simpson|0.0|||0.0|http://www.enterprisestorageforum.com/outsourcing/news/article.php/3911061
2010-11-02|Marathon Combines DR, Fault Tolerance for SMP Servers|Enterprise Storage Forum|Dave Simpson|0.0|||0.0|http://www.enterprisestorageforum.com/continuity/news/article.php/3911056
2010-11-01|Avere Systems Speeds Up Tiered NAS Appliances|Enterprise Storage Forum|Dave Simpson|0.0|||0.0|http://www.enterprisestorageforum.com/hardware/news/article.php/3910881
2010-11-01|Storage I/O and the Laws of Physics|Enterprise Storage Forum|Dave Simpson|0.0|||0.0|http://www.enterprisestorageforum.com/technology/features/article.php/3910826
2010-12-30|IP Communications: Looking ahead to 2011 and beyond.|VoIP Planet|Ted Stevenson|0.0|||0.0|http://www.voipplanet.com/news/article.php/3918866
2010-12-30|Data Storage Companies Positioned for Big Growth|Enterprise Storage Forum|Dave Simpson|0.0|||0.0|http://www.enterprisestorageforum.com/industrynews/article.php/3918851
2010-12-29|The future of Unified Communications: telephony or social networking?|VoIP Planet|Ted Stevenson|0.0|||0.0|http://www.voipplanet.com/trends/article.php/3918751
2010-12-29|Samsung Develops MLC-Based SSDs for Enterprise Systems|Enterprise Storage Forum|Dave Simpson|0.0|||0.0|http://www.enterprisestorageforum.com/hardware/news/article.php/3918686
2010-12-28|Terrapin Partners with Pac-West for White Label VoIP|VoIP Planet|Ted Stevenson|0.0|||0.0|http://www.voipplanet.com/trends/article.php/3918626
2010-12-28|Dell to Acquire Cloud-Based Medical Archiving Company|Enterprise Storage Forum|Dave Simpson|0.0|||0.0|http://www.enterprisestorageforum.com/industrynews/article.php/3918556
2010-12-27|Skype Saves Xmas -- but what about the New Year?|VoIP Planet|Ted Stevenson|0.0|||0.0|http://www.voipplanet.com/news/article.php/3918496
2010-12-27|CaseCentral Named E-Discovery Top Player in 2010 Market Quadrant|Enterprise Storage Forum|Dave Simpson|0.0|||0.0|http://www.enterprisestorageforum.com/industrynews/article.php/3918436
2010-12-22|Survey Reveals the Need for Better DR|Enterprise Storage Forum|Dave Simpson|0.0|||0.0|http://www.enterprisestorageforum.com/continuity/news/article.php/3918321
2010-12-22|The Current State of the SMB IP Telephony Market|VoIP Planet|Ted Stevenson|0.0|||0.0|http://www.voipplanet.com/trends/article.php/3918281
2010-12-21|The SSD market needs standards|Enterprise Storage Forum|Dave Simpson|0.0|||0.0|http://www.enterprisestorageforum.com/technology/news/article.php/3918176
2010-12-21|2010: Year in Review Podcast|InternetNews|Kenneth Corbin|0.0|2||1.0|http://www.internetnews.com/software/article.php/3918156
2010-12-21|American Voice Mail: IP telephony services <em>a la carte.</em>|VoIP Planet|Ted Stevenson|0.0|||0.0|http://www.voipplanet.com/backgrounders/article.php/3918061
2010-12-20|Top 10 Storage Predictions for 2011 (and Beyond)|Enterprise Storage Forum|Dave Simpson|0.0|||0.0|http://www.enterprisestorageforum.com/features/article.php/3917876
2010-12-20|Grandstream GXV3140: Versatile desktop SIP video phone.|VoIP Planet|Ted Stevenson|0.0|||0.0|http://www.voipplanet.com/reviews/article.php/3917866
2010-12-18|IBM OEMs STEC&#146;s MLC SSDs|Enterprise Storage Forum|Dave Simpson|0.0|||0.0|http://www.enterprisestorageforum.com/hardware/news/article.php/3917821
2010-12-18|PMC Launches 6Gbps SAS Controllers|Enterprise Storage Forum|Dave Simpson|0.0|||0.0|http://www.enterprisestorageforum.com/hardware/news/article.php/3917816
2010-12-18|Symantec Ships Data Insight for Storage|Enterprise Storage Forum|Dave Simpson|0.0|||0.0|http://www.enterprisestorageforum.com/management/news/article.php/3917806
2010-12-17|EMC Delivers Atmos Cloud Delivery Platform|Enterprise Storage Forum|Dave Simpson|0.0|||0.0|http://www.enterprisestorageforum.com/outsourcing/news/article.php/3917761
2010-12-17|Avaya Updates, Simplifies Its Communications Enabled Business Process Environment|VoIP Planet|Ted Stevenson|0.0|||0.0|http://www.voipplanet.com/news/article.php/3917686
2010-12-16|Alteva's Local Anywhere: A new twist on hosted VoIP.|VoIP Planet|Ted Stevenson|0.0|||0.0|http://www.voipplanet.com/solutions/article.php/3917481
2010-12-15|Top Ten Storage Certifications|Enterprise Storage Forum|Dave Simpson|0.0|||0.0|http://www.enterprisestorageforum.com/management/news/article.php/3917336
2010-12-15|Research: Tablet PCs Will Drive New Convergence|VoIP Planet|Ted Stevenson|0.0|||0.0|http://www.voipplanet.com/trends/article.php/3917306
2010-12-14|VoiceShot: Hosted PBX with 21st century trappings.|VoIP Planet|Ted Stevenson|0.0|||0.0|http://www.voipplanet.com/backgrounders/article.php/3917066
2010-12-13|Telcentris Launches VoIP-Provider-in-a-Box Platform|VoIP Planet|Ted Stevenson|0.0|||0.0|http://www.voipplanet.com/news/article.php/3916901
2010-12-10|Glowpoint & iVision Partner for Global Access to Telepresence|VoIP Planet|Ted Stevenson|0.0|||0.0|http://www.voipplanet.com/solutions/article.php/3916701
2010-12-09|Research: SMB Migration to VoIP on the Up-Tick|VoIP Planet|Ted Stevenson|0.0|||0.0|http://www.voipplanet.com/trends/article.php/3916406
2010-12-08|Integrating Videoconferencing Into Microsoft Lync: Five options.|VoIP Planet|Ted Stevenson|0.0|||0.0|http://www.voipplanet.com/trends/article.php/3916276
2010-12-08|Mobile Security, Partnerships Win Juniper CEO 2010 Vision Award|eSecurity Planet|Kevin Komiega|0.0|||0.0|http://www.esecurityplanet.com/news/article.php/3916231
2010-12-08|Users Take Advantage of Unified Storage|Enterprise Storage Forum|Dave Simpson|0.0|||0.0|http://www.enterprisestorageforum.com/hardware/news/article.php/3916191
2010-12-07|SMS Joins Mainstream of Business Communications Modes|VoIP Planet|Ted Stevenson|0.0|||0.0|http://www.voipplanet.com/trends/article.php/3916046
2010-12-07|F5 Appliances Integrate with Cloud Storage|Enterprise Storage Forum|Dave Simpson|0.0|||0.0|http://www.enterprisestorageforum.com/management/news/article.php/3915986
2010-12-06|Cavalier Telephone: Hosted PBX over a private fiber network.|VoIP Planet|Ted Stevenson|0.0|||0.0|http://www.voipplanet.com/backgrounders/article.php/3915816
2010-12-06|SMBs Cutting Corners on Security|eSecurity Planet|Kevin Komiega|0.0|||0.0|http://www.esecurityplanet.com/trends/article.php/3915786
2010-12-03|Siemens Upgrades Its OpenScape UC Suite|VoIP Planet|Ted Stevenson|0.0|||0.0|http://www.voipplanet.com/solutions/article.php/3915651
2010-12-03|EMC's Joe Tucci Wins InternetNews.com CEO Vision Award|Enterprise Storage Forum|Dave Simpson|0.0|||0.0|http://www.enterprisestorageforum.com/industrynews/article.php/3915591
2010-12-03|LTO-5 Keeps Tape Alive|Enterprise Storage Forum|Dave Simpson|0.0|||0.0|http://www.enterprisestorageforum.com/continuity/news/article.php/3915571
2010-12-03|IT's 3 Biggest Challenges|Enterprise Storage Forum|Dave Simpson|0.0|||0.0|http://www.enterprisestorageforum.com/management/features/article.php/3915536
2010-12-02|ippi, Voxbone Partner for Free International VoIP Calls|VoIP Planet|Ted Stevenson|0.0|||0.0|http://www.voipplanet.com/news/article.php/3915376
2010-12-02|Fixing SSD Performance Degradation, Part 2|Enterprise Storage Forum|Dave Simpson|0.0|||0.0|http://www.enterprisestorageforum.com/technology/features/article.php/3915336
2010-12-01|ViVu's VuRoom: Video conferencing and collaboration by subscription.|VoIP Planet|Ted Stevenson|0.0|||0.0|http://www.voipplanet.com/solutions/article.php/3915186
2010-12-01|Midrange Storage Management Tips|Enterprise Storage Forum|Dave Simpson|0.0|||0.0|http://www.enterprisestorageforum.com/management/news/article.php/3915111
2010-12-01|Mellanox to Buy Voltaire for Ethernet, InfiniBand Networking|Enterprise Storage Forum|Dave Simpson|0.0|||0.0|http://www.enterprisestorageforum.com/sans/news/article.php/3915096
2010-12-21|2010: Year in Review Podcast|InternetNews|Kenneth Corbin|0.0|||0.0|http://www.internetnews.com/software/article.php/418710
2010-12-21|2010: Year in Review Podcast|InternetNews|Kenneth Corbin|0.0|||0.0|http://www.internetnews.com/podcasts/article.php/418708
2010-12-15|Victory for Sun in Intellectual Property Suits|eSecurity Planet|Kevin Komiega|0.0|||0.0|http://www.esecurityplanet.com/daily_news/article.php/383868
2010-12-13|Discussion Forum Metrics and Tips for Website Developers|HTML Goodies|Scott Clark|0.0|||0.0|http://www.htmlgoodies.com/beyond/webmaster/article.php/418096
2011-01-31|What Are Integrated Payment Solutions and Why Should You Care?|Small Business Computing|Lauren Simonds|0.0|||0.0|http://www.smallbusinesscomputing.com/features/article.php/3922966
2011-01-31|White House Launches Small Business Initiative|Small Business Computing|Lauren Simonds|0.0|||0.0|http://www.smallbusinesscomputing.com/features/article.php/3922926
2011-01-31|Workshare Simplifies SharePoint Office Integration|Sharepoint Briefing|Tom Dunlap|0.0|||0.0|http://www.sharepointbriefing.com/spother/article.php/3922921
2011-01-31|Verizon Bids $1.4 Billion in Cloud Play for Terremark|IT Channel Planet|Dan Muse|0.0|||0.0|http://www.itchannelplanet.com/telecom_news/article.php/3922886
2011-01-31|IBM, Range Technology to Build Massive Cloud Computing Data Center in China|IT Channel Planet|Dan Muse|0.0|||0.0|http://www.itchannelplanet.com/enterprisenews/article.php/3922871
2011-01-31|Cisco Snags Pari Networks, Network Security Risk Management Provider|IT Channel Planet|Dan Muse|0.0|||0.0|http://www.itchannelplanet.com/business_news/article.php/3922866
2011-01-31|5 Great Facebook Shopping Cart Apps|eCommerce Guide|Lauren Simonds|0.0|||0.0|http://www.ecommerce-guide.com/solutions/advertising/article.php/3922846
2011-01-31|IBM&#146;s Monshaw to Midmarket Partners: Pick an Expertise, Add Services|IT Channel Planet|Dan Muse|0.0|||0.0|http://www.itchannelplanet.com/channel/article.php/3922821
2011-01-28|Macworld Expo Continues On, But Glory Days Are Gone|Small Business Computing|Lauren Simonds|0.0|||0.0|http://www.smallbusinesscomputing.com/news/article.php/3922756
2011-01-28|80 iPhone Apps for Taking Care of Business|eCommerce Guide|Lauren Simonds|0.0|||0.0|http://www.ecommerce-guide.com/solutions/article.php/3922681
2011-01-27|Say What? Top Five IT Quotes of the Week|InternetNews|Kenneth Corbin|0.0|||0.0|http://www.internetnews.com/mobility/article.php/3922576
2011-01-27|Tablets Fundamentally Altering Global PC Landscape, Researcher Says|IT Channel Planet|Dan Muse|0.0|||0.0|http://www.itchannelplanet.com/trends/article.php/3922631
2011-01-27|Amazon Q4 Sales Fall Short of Forecast, Earnings Top Estimates|eCommerce Guide|Lauren Simonds|0.0|||0.0|http://www.ecommerce-guide.com/news/article.php/3922561
2011-01-27|Small Business Network Management Review: Spiceworks 5|Small Business Computing|Lauren Simonds|0.0|||0.0|http://www.smallbusinesscomputing.com/webmaster/article.php/3922536
2011-01-27|How to Use Custom Colors in SP 2010 Using CSS|Sharepoint Briefing|Tom Dunlap|0.0|||0.0|http://www.sharepointbriefing.com/features/article.php/3922521
2011-01-26|Ingram First Distributor to Carry HP Video Conferencing Desktop Solution|IT Channel Planet|Dan Muse|0.0|||0.0|http://www.itchannelplanet.com/channel/article.php/3922376
2011-01-26|Significant Update to Oracle WebCenter Suite 11g|Database Journal|Linda Cole|0.0||3|0.75|http://www.databasejournal.com/features/oracle/article.php/3922301
2011-01-26|Receivables Exchange Turns SMB Receivables into Cash Flow|Small Business Computing|Lauren Simonds|0.0|||0.0|http://www.smallbusinesscomputing.com/news/article.php/3922246
2011-01-26|External Storage Drive Review: Seagate FreeAgent GoFlex|Small Business Computing|Lauren Simonds|0.0|||0.0|http://www.smallbusinesscomputing.com/buyersguide/article.php/3922306
2011-01-26|3 Ecommerce Trends to Watch in 2011|eCommerce Guide|Lauren Simonds|0.0|||0.0|http://www.ecommerce-guide.com/news/trends/article.php/3922316
2011-01-25|New IBM Virtual Desktop First in Series of Integrated Solutions for Midmarket Businesses|IT Channel Planet|Dan Muse|0.0|||0.0|http://www.itchannelplanet.com/technology_news/article.php/3922216
2011-01-25|How to Analyze Accounting Data in Excel|Small Business Computing|Lauren Simonds|0.0|||0.0|http://www.smallbusinesscomputing.com/biztools/article.php/3922061
2011-01-25|Cisco Updates Small Business Networking Gear|Small Business Computing|Lauren Simonds|0.0|||0.0|http://www.smallbusinesscomputing.com/news/article.php/3922091
2011-01-24|Cisco, HP, Among Top IT Education Vendors|IT Channel Planet|Dan Muse|0.0|||0.0|http://www.itchannelplanet.com/enterprisenews/article.php/3922006
2011-01-24|IDC: 17 Million Media Tablets Shipped Worldwide in 2010, Forecasts 45 million Units for 2011|IT Channel Planet|Dan Muse|0.0|||0.0|http://www.itchannelplanet.com/technology_news/article.php/3922001
2011-01-24|Lenovo Opens Smartphones and Tablets Business Unit|IT Channel Planet|Dan Muse|0.0|||0.0|http://www.itchannelplanet.com/technology_news/article.php/3921996
2011-01-24|Westcon Opens Cisco&#146;s IronPort Security Solutions to Canadian Channel Partners|IT Channel Planet|Dan Muse|0.0|||0.0|http://www.itchannelplanet.com/channel/article.php/3921991
2011-01-24|Dell Joins Novell for Linux Appliances|ServerWatch|Amy Newman|0.0|2||1.0|http://www.serverwatch.com/syndication/article.php/3921971
2011-01-24|5 Great Free Small Business Software Options|Small Business Computing|Lauren Simonds|0.0|||0.0|http://www.smallbusinesscomputing.com/biztools/article.php/3921836
2011-01-24|Gartner: Clouds, Virtualization Help Pay for IT Projects|Datamation|James Maguire|0.0|||0.0|http://itmanagement.earthweb.com/features/article.php/3921821
2011-01-24|Review: The HP LaserJet Pro CP1525nw Color Printer|Small Business Computing|Lauren Simonds|0.0|||0.0|http://www.smallbusinesscomputing.com/testdrive/article.php/3921846
2011-01-24|7 Tips and Trends to Boost Email Marketing in 2011|eCommerce Guide|Lauren Simonds|0.0|||0.0|http://www.ecommerce-guide.com/solutions/advertising/article.php/3921896
2011-01-22|HP Shakes Up Board, Appoints Five New Members|IT Channel Planet|Dan Muse|0.0|||0.0|http://www.itchannelplanet.com/business_news/article.php/3921761
2011-01-21|Google Gearing Up to Take On Groupon?|Small Business Computing|Lauren Simonds|0.0|||0.0|http://www.smallbusinesscomputing.com/features/article.php/3921751
2011-01-21|Juniper Networks Taps Tierney, Cisco Veteran, To Head Global Partner Marketing|IT Channel Planet|Dan Muse|0.0|||0.0|http://www.itchannelplanet.com/channel/article.php/3921721
2011-01-21|Biweekly CPU Prices - Week of January 17, 2010|Sharky Extreme|Eric Grevstad|0.0|||0.0|http://www.sharkyextreme.com/guides/WCPG/article.php/3921666
2011-01-20|Say What? Top Five IT Quotes of the Week|InternetNews|Kenneth Corbin|0.0|||0.0|http://www.internetnews.com/government/article.php/3921621
2011-01-20|Microsoft Boosts SharePoint Online with Office 365 Rollout|Sharepoint Briefing|Tom Dunlap|0.0|||0.0|http://www.sharepointbriefing.com/features/article.php/3921596
2011-01-20|7 Small Business Storage Trends in 2011|Small Business Computing|Lauren Simonds|0.0|||0.0|http://www.smallbusinesscomputing.com/news/article.php/3921456
2011-01-20|Microsoft Releases CRM Services in the Cloud|Small Business Computing|Lauren Simonds|0.0|||0.0|http://www.smallbusinesscomputing.com/news/article.php/3921491
2011-01-20|EBay Classifieds: A Fresh Attitude for Old-School Selling|eCommerce Guide|Lauren Simonds|0.0|||0.0|http://www.ecommerce-guide.com/essentials/ebay/article.php/3921581
2011-01-19|HP Services Lands $30 Million Texas Health Care Contract|IT Channel Planet|Dan Muse|0.0|||0.0|http://www.itchannelplanet.com/business_news/article.php/3921366
2011-01-19|Dell Evolves Into a Small Business IT Services Provider|Small Business Computing|Lauren Simonds|0.0|||0.0|http://www.smallbusinesscomputing.com/news/article.php/3921251
2011-01-19|How QR Codes Boost Email Marketing Results|Small Business Computing|Lauren Simonds|0.0|||0.0|http://www.smallbusinesscomputing.com/emarketing/article.php/3921341
2011-01-18|Mid-sized Businesses Upping IT Budgets for Cloud Computing and Business Analytics, Seek Channel Partners|IT Channel Planet|Dan Muse|0.0|||0.0|http://www.itchannelplanet.com/trends/article.php/3921186
2011-01-18|Apple&#146;s Jobs Takes New Medical Leave|IT Channel Planet|Dan Muse|0.0|||0.0|http://www.itchannelplanet.com/business_news/article.php/3921036
2011-01-18|4 Tips: How to Buy Small Business Software|Small Business Computing|Lauren Simonds|0.0|||0.0|http://www.smallbusinesscomputing.com/biztools/article.php/3921016
2011-01-18|Mobile Devices: 7 Ways to Improve Windows Phone 7|Small Business Computing|Lauren Simonds|0.0|||0.0|http://www.smallbusinesscomputing.com/news/article.php/3921121
2011-01-18|Backup Your Ecommerce Website -- or Kiss It Goodbye|eCommerce Guide|Lauren Simonds|0.0|||0.0|http://www.ecommerce-guide.com/solutions/technology/article.php/3921071
2011-01-17|Dell&#146;s Reshuffles Top Executives, Altabef, Head of Services, Leaves, Replaced by Leader of Large Enterprise Business Unit|IT Channel Planet|Dan Muse|0.0|||0.0|http://www.itchannelplanet.com/business_news/article.php/3920956
2011-01-17|AMD Board Replaces CEO Meyer, Appoints Seifert Interim CEO|IT Channel Planet|Dan Muse|0.0|||0.0|http://www.itchannelplanet.com/business_news/article.php/3920951
2011-01-17|Muglia To Depart Microsoft Server and Tools Unit|IT Channel Planet|Dan Muse|0.0|||0.0|http://www.itchannelplanet.com/business_news/article.php/3920946
2011-01-17|Gartner: Global PC Shipments Total 351 Million Units in 2010, Gain 13.8 Percent, U.S. Q4 PC Market Slides Nearly 7 Percent|IT Channel Planet|Dan Muse|0.0|||0.0|http://www.itchannelplanet.com/trends/article.php/3920936
2011-01-17|IDC: PC Sales Worldwide Rose 13.6 Percent in 2010 Despite Lackluster Q4 and Strong Tablet Sales|IT Channel Planet|Dan Muse|0.0|||0.0|http://www.itchannelplanet.com/trends/article.php/3920931
2011-01-14|Small Business Marketing Tips: Product Names Matter|Small Business Computing|Lauren Simonds|0.0|||0.0|http://www.smallbusinesscomputing.com/emarketing/article.php/3920766
2011-01-14|Tech Comics: \"A Geek Couple\"|Datamation|James Maguire|0.0|1||1.5|http://itmanagement.earthweb.com/cnews/article.php/3920761
2011-01-14|4 Video Conferencing Products Small Business Can Afford|Small Business Computing|Lauren Simonds|0.0|||0.0|http://www.smallbusinesscomputing.com/biztools/article.php/3920846
2011-01-13|Say What? Top Five IT Quotes of the Week|InternetNews|Kenneth Corbin|0.0|||0.0|http://www.internetnews.com/government/article.php/3920736
2011-01-13|Gartner: Global 2011 IT Spending To Reach $3.6 Trillion, Up 5.1 Percent|IT Channel Planet|Dan Muse|0.0|||0.0|http://www.itchannelplanet.com/trends/article.php/3920656
2011-01-13|The Best Small Business Technology at CES 2011|Small Business Computing|Lauren Simonds|0.0|||0.0|http://www.smallbusinesscomputing.com/news/article.php/3920566
2011-01-13|Mobile Devices Catch More Phish|Small Business Computing|Lauren Simonds|0.0|||0.0|http://www.smallbusinesscomputing.com/news/article.php/3920646
2011-01-12|Top 7 Email Marketing Trends & Tips for 2011|Small Business Computing|Lauren Simonds|0.0|||0.0|http://www.smallbusinesscomputing.com/news/article.php/3920386
2011-01-12|PCI 2.0 Compliance is Here: Are You Ready?|Small Business Computing|Lauren Simonds|0.0|||0.0|http://www.smallbusinesscomputing.com/news/article.php/3920431
2011-01-12|Grow Your Email Marketing List Using QR Codes|eCommerce Guide|Lauren Simonds|0.0|||0.0|http://www.ecommerce-guide.com/solutions/advertising/article.php/3920451
2011-01-11|Gartner: SIs and SPs to Take Prominent Role in Business Intelligence Delivery|IT Channel Planet|Dan Muse|0.0|||0.0|http://www.itchannelplanet.com/trends/article.php/3920336
2011-01-11|Multifunction Printer Review: HP Officejet 7500A|Small Business Computing|Lauren Simonds|0.0|||0.0|http://www.smallbusinesscomputing.com/buyersguide/article.php/3920181
2011-01-11|3G Version of the iPhone 4 Coming to Verizon in February|Small Business Computing|Lauren Simonds|0.0|||0.0|http://www.smallbusinesscomputing.com/news/article.php/3920216
2011-01-10|Avoid Broken Links with SharePoint's Document ID Tool|Sharepoint Briefing|Tom Dunlap|0.0|||0.0|http://www.sharepointbriefing.com/features/article.php/3920006
2011-01-10|10 Tips When Considering Open Source Software|Small Business Computing|Lauren Simonds|0.0|||0.0|http://www.smallbusinesscomputing.com/news/article.php/3919996
2011-01-10|Verizon Could Ring Up the iPhone Tomorrow in NYC|Small Business Computing|Lauren Simonds|0.0|||0.0|http://www.smallbusinesscomputing.com/news/article.php/3920036
2011-01-10|Cross Promotion: 5 Small Business Marketing Tips|eCommerce Guide|Lauren Simonds|0.0|||0.0|http://www.ecommerce-guide.com/solutions/advertising/article.php/3920046
2011-01-07|Biweekly CPU Prices - Week of January 3, 2010|Sharky Extreme|Eric Grevstad|0.0|||0.0|http://www.sharkyextreme.com/guides/WCPG/article.php/3920651
2011-01-07|Say What? Top Five IT Quotes of the Week|InternetNews|Kenneth Corbin|0.0|||0.0|http://www.internetnews.com/mobility/article.php/3919806
2011-01-07|5 Marketing Tips for Cross-Promoting Your Products|Small Business Computing|Lauren Simonds|0.0|||0.0|http://www.smallbusinesscomputing.com/emarketing/article.php/3919786
2011-01-07|Dell Delivers Streak 7 Tablet and Venue Smartphone|Small Business Computing|Lauren Simonds|0.0|||0.0|http://www.smallbusinesscomputing.com/news/article.php/3919816
2011-01-07|10 Tips for New Website SEO Success|eCommerce Guide|Lauren Simonds|0.0|||0.0|http://www.ecommerce-guide.com/solutions/advertising/article.php/3919841
2011-01-06|Small Business Notebook Review: Dell Vostro V130|Small Business Computing|Lauren Simonds|0.0|||0.0|http://www.smallbusinesscomputing.com/buyersguide/article.php/3919556
2011-01-06|Pack Mobile Wi-Fi Wherever You Go|Small Business Computing|Lauren Simonds|0.0|||0.0|http://www.smallbusinesscomputing.com/webmaster/article.php/3919621
2011-01-05|Avnet Sells VAR New ProSys Gained From Bell Micro Acquisition|IT Channel Planet|Dan Muse|0.0|||0.0|http://www.itchannelplanet.com/channel/article.php/3919506
2011-01-05|Qualcomm Offers $3.1 Billion for Communications Chip Maker Atheros|IT Channel Planet|Dan Muse|0.0|||0.0|http://www.itchannelplanet.com/telecom_news/article.php/3919476
2011-01-05|Small Business Guide to Network Attached Storage|Small Business Computing|Lauren Simonds|0.0|||0.0|http://www.smallbusinesscomputing.com/buyersguide/article.php/3919226
2011-01-05|How to Buy Multifunction Laser Printers|Small Business Computing|Lauren Simonds|0.0|||0.0|http://www.smallbusinesscomputing.com/buyersguide/article.php/3919351
2011-01-05|5 Market Research Tools for EBay Sellers|eCommerce Guide|Lauren Simonds|0.0|||0.0|http://www.ecommerce-guide.com/essentials/ebay/article.php/3919416
2011-01-04|Dell Nabs Managed Security Provider SecureWorks|IT Channel Planet|Dan Muse|0.0|||0.0|http://www.itchannelplanet.com/security_news/article.php/3919271
2011-01-04|McAfee: Social Media, Mobile, Apple Devices Most Vulnerable to Security Threats in 2011|IT Channel Planet|Dan Muse|0.0|||0.0|http://www.itchannelplanet.com/security_news/article.php/3919211
2011-01-04|5 Cloud Computing Predictions for 2011|Datamation|James Maguire|0.0|||0.0|http://itmanagement.earthweb.com/features/article.php/3919196
2011-01-04|15 Twitter Tools to Boost Social Media Marketing|Small Business Computing|Lauren Simonds|0.0|||0.0|http://www.smallbusinesscomputing.com/emarketing/article.php/3919151
2011-01-03|Ecommerce Marketing: How to Choose an Email Marketing Service|eCommerce Guide|Lauren Simonds|0.0|||0.0|http://www.ecommerce-guide.com/solutions/advertising/article.php/3919001
2011-01-03|The Top Mobile Trends of 2011|Small Business Computing|Lauren Simonds|0.0|||0.0|http://www.smallbusinesscomputing.com/news/article.php/3918906
2011-01-03|50 Apps to Secure Your iPad|Small Business Computing|Lauren Simonds|0.0|||0.0|http://www.smallbusinesscomputing.com/biztools/article.php/3919021
2011-01-26|Unit Testing for Native Applications Using WinUnit|Code Guru|Rich Hein|200.0||1|2.1|http://www.codeguru.com/cpp/cpp/article.php/c18423
2011-01-31|Working with ADO.NET Data Service in a .NET Framework Client Application|Code Guru|Rich Hein|0.0|||0.0|http://www.codeguru.com/csharp/.net/article.php/c18453
2011-01-03|Event: Cloud Connect|Developer.com|Glen Kunene|0.0|||0.0|http://www.developer.com/Events/events-cloud-connect.html
2011-01-18|About Developer.com|Developer.com|Glen Kunene|0.0|||0.0|http://www.developer.com/about.html
2011-01-04|Page Not Found|Developer.com|Glen Kunene|0.0|||0.0|http://www.developer.com/page-not-found.html
2011-01-12|NetApp to acquire Akorri Networks|InfoStor|Dave Simpson|0.0|||0.0|http://www.infostor.com/nas/2010/february-2010/netapp-to-acquire-akorri-networks.html
