id|pub_date|title|site|editor|url
1464|2010-05-20|Managing Zend Framework Layouts|PHP Builder|Glen Kunene|http://www.developer.com/lang/php/article.php/3883461
1843|2010-05-11|Working with the Symfony Components PHP Libraries|PHP Builder|Glen Kunene|http://www.developer.com/lang/php/article.php/3881596
2269|2010-05-06|Create Advanced Facebook Apps with Facebook JavaScript |PHP Builder|Glen Kunene|
2284|2010-05-19|Building a Store Locator ASP.NET Application Using the Google Maps API - Part 1|4 Guys From Rolla|Rich Hein|
2307|2010-05-14|A Sanity-saving Debugging Solution for Your PHP Development |PHP Builder|Glen Kunene|
2308|2010-05-27|Use PHPUnit to Implement Unit Testing in Your PHP Development|PHP Builder|Glen Kunene|
2341|2010-05-04|HTML5 Development: Mouse Events|HTML Goodies|Scott Clark|
3157|2010-06-10|Add Custom Components to Your PHP Development with PRADO|PHP Builder|Glen Kunene|http://www.phpbuilder.com/columns/Octavia_Anghel061010.php3
3255|2010-06-08|Meet PRADO, the Component-based PHP Development Framework|PHP Builder|Glen Kunene|http://www.phpbuilder.com/columns/Octavia_Anghel060810.php3
3552|2010-06-02|10 Easy Solutions for PHP String Manipulation|PHP Builder|Glen Kunene|http://www.phpbuilder.com/columns/Jason_Gilmore060210.php3
3557|2010-06-15|Three Advanced Object-Oriented PHP Features You Need to Know |PHP Builder|Glen Kunene|http://www.phpbuilder.com/columns/Jason_Gilmore061510.php3
3561|2010-06-25|Upgrading Basic Twitter Authentication to OAuth with PHP|PHP Builder|Glen Kunene|http://www.phpbuilder.com/columns/sachin_khosla062510.php3
3666|2010-06-14|Survey: Most Software Bugs Attributed to Poor Testing Procedures |DevX|Tom Dunlap|http://www.devx.com/enterprise/Article/45005
4821|2010-07-08| Mozilla Public License rewrite deletes Netscape|InternetNews Blogs|Chris Saunders|http://blog.internetnews.com/skerner/2010/07/mozilla-public-license-rewrite.html
4887|2010-07-26|Special Report: Field Guide to the Mobile Development Platform Landscape|DevX|Tom Dunlap|http://www.devx.com/SpecialReports/Door/45193
4889|2010-07-26|It Is Now Legal to Jailbreak the iPhone|DevX|Tom Dunlap|http://www.devx.com/wireless/Article/45241
4896|2010-07-16|Tip: Handling Keyboard Shortcuts in ASP.NET Using JavaScript|DevX|Tom Dunlap|http://www.devx.com/webdev/Article/45154
4898|2010-07-29|IBM to Acquire Storwize|InfoStor|Dave Simpson|http://www.infostor.com/index/blogs_new/kevin_komiega_storage_blog/_archives/201007/blogs/infostor/kevin_komiega_storage.html
4899|2010-07-21|EMC breaks Q2 revenue record|InfoStor|Dave Simpson|http://www.infostor.com/index/blogs_new/kevin_komiega_storage_blog/_archives/201007/blogs/infostor/kevin_komiega_storage.html
4900|2010-07-08|Open season on open-source ZFS?|InfoStor|Dave Simpson|http://www.infostor.com/index/blogs_new/kevin_komiega_storage_blog/_archives/201007/blogs/infostor/kevin_komiega_storage.html
4925|2010-07-07|My Top 10 Most Useful Joomla Components|PHP Builder|Glen Kunene|http://phpbuilder.com/columns/joomla/components/voja_janjic070710.php3
4926|2010-07-13|Refactor Your PHP Site Using MySQL Stored Procedures and Views |PHP Builder|Glen Kunene|http://phpbuilder.com/columns/mysql/refactor/Jason_Gilmore071310.php3
4927|2010-07-20|10 Easy Examples for Deciphering PHP Regular Expressions|PHP Builder|Glen Kunene|http://phpbuilder.com/columns/Regular-Expressions/Jason_Gilmore072010.php3
4928|2010-07-29|A Developer's Look at ExpressionEngine 2 |PHP Builder|Glen Kunene|http://phpbuilder.com/columns/ExpressionEngine2/Jason_Gilmore072910.php3
5942|2010-08-02|Netgear Inc.|IT Channel Planet|Dan Muse|http://www.itchannelplanet.com/vendor_programs/article.php/3896361
5991|2010-08-25|ASP.NET MVC: Implementing the WebForms Store Locator Application|4 Guys From Rolla|Rich Hein|http://www.4guysfromrolla.com/articles/082510-1.aspx
6046|2010-08-09|Cloud Demand, HTML5 Spark Online Hiring |DevX|Tom Dunlap|http://www.devx.com/webdev/Article/45297
6066|2010-08-05|The 5 WordPress 3.0 Features Worth Upgrading For |PHP Builder|Glen Kunene|http://phpbuilder.com/columns/WordPress3/Arpan_Dhandhania080510.php3
6068|2010-08-10|Transferring Huge XML Documents in PHP with an Ajax-driven Web Interface|PHP Builder|Glen Kunene|http://phpbuilder.com/columns/Large-XML-files/Octavia_Anghel081010.php3
6072|2010-08-17|Creating an RSS Aggregator with the PHP SimplePie Library|PHP Builder|Glen Kunene|http://phpbuilder.com/columns/SimplePie/Jason_Gilmore081710.php3
6076|2010-08-24|10 Productivity-boosting Tools for Your PHP Development |PHP Builder|Glen Kunene|http://phpbuilder.com/columns/top-10-productivity-tools/Jason_Gilmore082410.php3
6080|2010-08-31|Downloading and Parsing Gmail Messages in PHP|PHP Builder|Glen Kunene|http://phpbuilder.com/columns/PHP-IMAP-Gmail/Rose_Kelleher083110.php3
8112|2010-09-08|Write an Ajax-driven Login Application in PHP Using SSL/TLS|PHP Builder|Glen Kunene|http://phpbuilder.com/columns/Login-Ajax-SSL/Octavia_Anghel090810.php3
8115|2010-09-14|Use Zend Framework Action Helpers to Reduce PHP Code Redundancy|PHP Builder|Glen Kunene|http://phpbuilder.com/columns/zend-action-helpers/Jason_Gilmore091410.php3
8119|2010-09-22|Using Vim for Your PHP Development |PHP Builder|Glen Kunene|http://phpbuilder.com/columns/vim/Jason_Gilmore092210.php3
8123|2010-09-29|Testing with the Zend Framework: How to Get Started |PHP Builder|Glen Kunene|http://phpbuilder.com/columns/Zend_PHPUnit_Testing/Jason_Gilmore092910.php3
8125|2010-09-03|VMworld and the Storage Industry's Perfect Storm|InfoStor|Dave Simpson|http://www.infostor.com/index/blogs_new/kevin_komiega_storage_blog/blogs/infostor/kevin_komiega_storage_blog/post987_5749363135674136740.html
8126|2010-09-27|Big Blue to buy BLADE Network Technologies|InfoStor|Dave Simpson|http://www.infostor.com/index/blogs_new/kevin_komiega_storage_blog/blogs/infostor/kevin_komiega_storage_blog/post987_8593563966640254799.html
8127|2010-09-02|HP to get 3PAR for $2.4 billion|InfoStor|Dave Simpson|http://www.infostor.com/index/blogs_new/dave_simpson_storage/blogs/infostor/dave_simpson_storage/post987_7381531457869199752.html
8128|2010-09-09|The Top 5 array vendors: HP #4, Dell #5|InfoStor|Dave Simpson|http://www.infostor.com/index/blogs_new/dave_simpson_storage/blogs/infostor/dave_simpson_storage/post987_9081448792586359552.html
8129|2010-09-16|The Top 6 storage software vendors|InfoStor|Dave Simpson|http://www.infostor.com/index/blogs_new/dave_simpson_storage/blogs/infostor/dave_simpson_storage/post987_3307397311827216726.html
8130|2010-09-20|Data deduplication: Permabit finds success with OEM model|InfoStor|Dave Simpson|http://www.infostor.com/index/blogs_new/dave_simpson_storage/blogs/infostor/dave_simpson_storage/post987_6820550643782475903.html
8131|2010-09-23|Another backup vendor you may not have heard of|InfoStor|Dave Simpson|http://www.infostor.com/index/blogs_new/dave_simpson_storage/blogs/infostor/dave_simpson_storage/post987_658076412640975640.html
8132|2010-09-27|Dirty little secrets of VM backup and recovery|InfoStor|Dave Simpson|http://www.infostor.com/index/blogs_new/dave_simpson_storage/blogs/infostor/dave_simpson_storage/post987_6290156899949983012.html
8133|2010-09-03|Ten takeaways from Vmworld 2010|InfoStor|Dave Simpson|http://www.infostor.com/storage-management/virtualization/2010/september-2010/vmworld-storage-product-highlights-round-2.html
8134|2010-09-07|Tandberg backup appliances aimed at SMBs|InfoStor|Dave Simpson|http://www.infostor.com/storage-management/virtualization/2010/september-2010/vmworld-storage-product-highlights-round-3.html
8135|2010-09-08|Pliant adds MLC SSDs to Lightning lineup|InfoStor|Dave Simpson|http://www.infostor.com/disk-arrays/disk-drives/2010/pliant-adds-mlc-ssds-to-lightning-lineup.html
8136|2010-09-08|HP refreshes mid-range arrays|InfoStor|Dave Simpson|http://www.infostor.com/san/iscsi-ip_sans/2010/hp-refreshes-mid-range-arrays.html
8137|2010-09-14|NetApp, Oracle drop ZFS lawsuits|InfoStor|Dave Simpson|http://www.infostor.com/nas/2010/netapp-oracle-drop-zfs-lawsuits.html
8138|2010-09-14|Symantec bundles NetBackup PureDisk in dedupe appliance|InfoStor|Dave Simpson|http://www.infostor.com/storage-management/data-de-duplication/2010/symantec-bundles-netbackup-puredisk-in-dedupe-appliance.html
8139|2010-09-14|Cisco intros new framework, Nexus switches|InfoStor|Dave Simpson|http://www.infostor.com/san/fcoe/cisco-intros-new-framework-nexus-switches.html
8140|2010-09-15|CommVault extends cloud storage partnerships|InfoStor|Dave Simpson|http://www.infostor.com/backup-and_recovery/cloud-storage/2010/september-2010/commvault-extends-cloud-storage-partnerships.html
8141|2010-09-16|Brocade integrates IP, FC, FCoE management tools|InfoStor|Dave Simpson|http://www.infostor.com/san/fibre-channel/2010/brocade-integrates-ip-fc-fcoe-management-tools.html
8142|2010-09-17|Adoption of FCoE slower than expected|InfoStor|Dave Simpson|http://www.infostor.com/san/fibre-channel/2010/adoption-of-fcoe-slower-than-expected.html
8143|2010-09-20|Violin adds MLC flash to SSD RAID arrays|InfoStor|Dave Simpson|http://www.infostor.com/disk-arrays/disk-drives/2010/violin-adds-mlc-flash-to-ssd-raid-arrays.html
8144|2010-09-20|STEC ships DRAM, MLC/SLC SSDs|InfoStor|Dave Simpson|http://www.infostor.com/disk-arrays/disk-drives/2010/stec-ships-dram-mlcslc-ssds.html
8145|2010-09-20|IBM to buy Netezza for $1.7 billion|InfoStor|Dave Simpson|http://www.infostor.com/storage-management/2010/ibm-to-buy-netezza-for-1.7-billion.html
8146|2010-09-21|Oracle debuts Exalogic Elastic Cloud|InfoStor|Dave Simpson|http://www.infostor.com/backup-and_recovery/cloud-storage/2010/oracle-debuts-exalogic-elastic-cloud.html
8147|2010-09-22|Startup ships storage controller for clouds|InfoStor|Dave Simpson|http://www.infostor.com/backup-and_recovery/cloud-storage/2010/startup-ships-storage-controller-for-clouds.html
8148|2010-09-22|CTERA enhances cloud storage platforms|InfoStor|Dave Simpson|http://www.infostor.com/backup-and_recovery/cloud-storage/2010/ctera-enhances-cloud-storage-platforms.html
8149|2010-09-23|Nasuni upgrades cloud gateway|InfoStor|Dave Simpson|http://www.infostor.com/backup-and_recovery/cloud-storage/2010/nasuni-upgrades-cloud-gateway.html
8150|2010-09-24|ESG Lab Review: Dot Hil AssuredSAN 3000|InfoStor|Dave Simpson|http://www.infostor.com/esg-lab-review/2010/esg-lab-review-dot-hill-assuredsan-3000.html
8151|2010-09-24|Top 10 storage acquisition possibilities|InfoStor|Dave Simpson|http://www.infostor.com/disk-arrays/raid/2010/top-10-storage-acquisition-possibilities.html
8152|2010-09-27|HDS< HP ship high-end disk arrays|InfoStor|Dave Simpson|http://www.infostor.com/disk-arrays/raid/2010/hds-hp-ship-high-end-disk-arrays.html
8153|2010-09-28|SANpulse launches SAN migration software|InfoStor|Dave Simpson|http://www.infostor.com/disk-arrays/raid/2010/sanpulse-launches-san-migration-software.html
8154|2010-09-28|ESG Lab Review: NetApp SnapManager for Oracle|InfoStor|Dave Simpson|http://www.infostor.com/esg-lab-review/2010/esg-lab-review-netapp-snapmanager-for-oracle.html
8155|2010-09-28|Dell at a storage crossroads|InfoStor|Dave Simpson|http://www.infostor.com/disk-arrays/raid/2010/dell-at-a-storage-crossroads.html
8156|2010-09-30|PIvot3 shifts into data protection|InfoStor|Dave Simpson|http://www.infostor.com/backup-and_recovery/disk-based-backup/2010/pivot3-shifts-into-data-protection-.html
8157|2010-09-30|Understanding the hidden costs of storage|InfoStor|Dave Simpson|http://www.infostor.com/disk-arrays/raid/2010/understanding-the-hidden-costs-of-storage.html
8158|2010-09-30|openBench Lab Review: Nexsan's SASBeast|InfoStor|Dave Simpson|http://www.infostor.com/openbench-lab-review/2010/openbench-lab-review-nexsans-sasbeast.html
49601|2010-11-08|Microsoft's Week consumed with Kinect, Windows Phone 7, Silverlight Controversy|Code Guru|Rich Hein|http://www.codeguru.com/daily_news/article.php/3911901
49871|2010-11-30|Massive Windows Phone 7 Update Rumored for January|Enterprise Mobile Today|Michelle Megna|http://www.enterprisemobiletoday.com/daily_news/article.php/417062
49873|2010-11-30|Only 25% of Smartphone Users Are Committed to Their Current Operating System|Enterprise Mobile Today|Michelle Megna|http://www.enterprisemobiletoday.com/daily_news/article.php/417058
49901|2010-11-29|TFT-LCD Market to Surge by 66.8% This Year|Hardware Central|Eric Grevstad|http://www.hardwarecentral.com/daily_news/article.php/417002
49902|2010-11-29|Asus Eee Note eReader Arriving Soon|Hardware Central|Eric Grevstad|http://www.hardwarecentral.com/daily_news/article.php/417000
49906|2010-11-29|Sharp's Galapagos E-book Tablet to Launch Dec. 10|Hardware Central|Eric Grevstad|http://www.hardwarecentral.com/daily_news/article.php/416992
49907|2010-11-29|Methane Powered Laptop PCs Could Arrive Soon|Hardware Central|Eric Grevstad|http://www.hardwarecentral.com/daily_news/article.php/416990
49961|2010-11-24|Apple's Genesis Sells For A Goodly Sum Of Cash|Hardware Central|Eric Grevstad|http://www.hardwarecentral.com/daily_news/article.php/416858
50013|2010-11-23|Should You Wait To Buy A Tablet PC?|Hardware Central|Eric Grevstad|http://www.hardwarecentral.com/daily_news/article.php/416748
50015|2010-11-23|Apple iPad II Coming in April?|Hardware Central|Eric Grevstad|http://www.hardwarecentral.com/daily_news/article.php/416746
50062|2010-11-22|Dell's Convertible Netbook PC Available For Preorder|Hardware Central|Eric Grevstad|http://www.hardwarecentral.com/daily_news/article.php/416650
50063|2010-11-22|LED Backlight Panel Shipments Grow in Q3 2010|Hardware Central|Eric Grevstad|http://www.hardwarecentral.com/daily_news/article.php/416648
50064|2010-11-22|Jolicloud Jolibook Netbook Now Available In The UK|Hardware Central|Eric Grevstad|http://www.hardwarecentral.com/daily_news/article.php/416646
50067|2010-11-22|Apple's iPad Refresh: 5 Features It Needs Now|Hardware Central|Eric Grevstad|http://www.hardwarecentral.com/daily_news/article.php/416640
50074|2010-11-22|Samsung: 600,000 Galaxy Tabs Sold So Far|Enterprise Mobile Today|Michelle Megna|http://www.enterprisemobiletoday.com/daily_news/article.php/416626
50104|2010-11-20|Intel's vPro Technology Secures Laptops|CPU Planet|Eric Grevstad|http://www.cpuplanet.com/features/article.php/416548
50132|2010-11-19|MacBook Air Outperforms Most Windows Netbooks and Ultraportables|Hardware Central|Eric Grevstad|http://www.hardwarecentral.com/daily_news/article.php/416492
50133|2010-11-19|Maingear Launches New Alt-15 and Alt-17 Laptop PCs|Hardware Central|Eric Grevstad|http://www.hardwarecentral.com/daily_news/article.php/416488
50140|2010-11-19|Verizon's First 4G Smartphone Coming in February|Enterprise Mobile Today|Michelle Megna|http://www.enterprisemobiletoday.com/daily_news/article.php/416474
50181|2010-11-18|Hikari iFrame: NTT&#146;s Android Tablet Finally Goes On Sale In Japan|Hardware Central|Eric Grevstad|http://www.hardwarecentral.com/daily_news/article.php/416394
50184|2010-11-18|Dell Laser LED Printers Offer Networking Features|Hardware Central|Eric Grevstad|http://www.hardwarecentral.com/daily_news/article.php/416388
50185|2010-11-18|Samsung Galaxy Tab Production Halved?|Hardware Central|Eric Grevstad|http://www.hardwarecentral.com/daily_news/article.php/416386
50192|2010-11-18|AT&T To Offer MiFi Mobile Hotspot|Enterprise Mobile Today|Michelle Megna|http://www.enterprisemobiletoday.com/daily_news/article.php/416372
50193|2010-11-18|Skyfire Ending Support for Windows Mobile and Symbian OS|Enterprise Mobile Today|Michelle Megna|http://www.enterprisemobiletoday.com/daily_news/article.php/416370
50225|2010-11-17|QNAP's 'Shiny' TS-119P+ Turbo NAS Offers Just One HDD Bay|Hardware Central|Eric Grevstad|http://www.hardwarecentral.com/daily_news/article.php/416306
50227|2010-11-17|Is AMD Resurrecting the ATI Brand With its Latest Product Listings?|Hardware Central|Eric Grevstad|http://www.hardwarecentral.com/daily_news/article.php/416302
50230|2010-11-17|Intel Puts Muscle, Money Into Flash Memory|Hardware Central|Eric Grevstad|http://www.hardwarecentral.com/daily_news/article.php/416296
50232|2010-11-17|Startup BridgeSTOR Launches Itself, Two New Storage Appliances|Hardware Central|Eric Grevstad|http://www.hardwarecentral.com/daily_news/article.php/416292
50241|2010-11-17|NetFront Life Web Browser for Android OS Released by Access|Enterprise Mobile Today|Michelle Megna|http://www.enterprisemobiletoday.com/daily_news/article.php/416274
50280|2010-11-16|Dell Hybrid Tablet 'Duo' Due Next Week|Hardware Central|Eric Grevstad|http://www.hardwarecentral.com/daily_news/article.php/416182
50282|2010-11-16|Lexmark Combines Laser, Inkjet Printing Divisions|Hardware Central|Eric Grevstad|http://www.hardwarecentral.com/daily_news/article.php/416178
50294|2010-11-16|Samsung Galaxy Tab Will Make AT&T Debut Nov. 21|Enterprise Mobile Today|Michelle Megna|http://www.enterprisemobiletoday.com/daily_news/article.php/416154
50328|2010-11-15|IBM To Ship GPU Blade Server In December|Hardware Central|Eric Grevstad|http://www.hardwarecentral.com/daily_news/article.php/416082
50329|2010-11-15|Time For An SSD? At $249 For 120GB, Intel Thinks So|Hardware Central|Eric Grevstad|http://www.hardwarecentral.com/daily_news/article.php/416080
50330|2010-11-15|LaCie Announces Starck Mobile USB 3.0 Portable Hard Drive|Hardware Central|Eric Grevstad|http://www.hardwarecentral.com/daily_news/article.php/416078
50331|2010-11-15|Android Tablet PCs&#151;Buy Now Or Wait|Hardware Central|Eric Grevstad|http://www.hardwarecentral.com/daily_news/article.php/416076
50332|2010-11-15|Apple iPad Popular Among Financial Services Firms|Hardware Central|Eric Grevstad|http://www.hardwarecentral.com/daily_news/article.php/416074
50333|2010-11-15|PC Processor Sales Slow In Q3|Hardware Central|Eric Grevstad|http://www.hardwarecentral.com/daily_news/article.php/416072
50340|2010-11-15|Yet Another Samsung Super Phone Leaked|Enterprise Mobile Today|Michelle Megna|http://www.enterprisemobiletoday.com/daily_news/article.php/416058
50341|2010-11-15|Apple iOS 4.2 Release May Have Been Pushed Back to Next Wednesday|Enterprise Mobile Today|Michelle Megna|http://www.enterprisemobiletoday.com/daily_news/article.php/416056
50396|2010-11-12|Creative Launches Two PC USB Solutions|Hardware Central|Eric Grevstad|http://www.hardwarecentral.com/daily_news/article.php/415948
50398|2010-11-12|European Stores To Receive Xigmatek's Pantheon This Month|Hardware Central|Eric Grevstad|http://www.hardwarecentral.com/daily_news/article.php/415942
50399|2010-11-12|Color Electronic Paper Displays Debut In Japan From E Ink And LG|Hardware Central|Eric Grevstad|http://www.hardwarecentral.com/daily_news/article.php/415938
50402|2010-11-12|SuperTalent Announces Low-Voltage R-DIMM|Hardware Central|Eric Grevstad|http://www.hardwarecentral.com/daily_news/article.php/415932
50403|2010-11-12|Samsung Galaxy Tab Promises To Be Strong iPad Rival: 10 Reasons Why|Hardware Central|Eric Grevstad|http://www.hardwarecentral.com/daily_news/article.php/415930
50410|2010-11-12|Microsoft Bing for Mobile Android App Available on All U.S. Carriers|Enterprise Mobile Today|Michelle Megna|http://www.enterprisemobiletoday.com/daily_news/article.php/415918
50411|2010-11-12|LTE Not Meeting Demand From Smartphones, Tablets|Enterprise Mobile Today|Michelle Megna|http://www.enterprisemobiletoday.com/daily_news/article.php/415916
50412|2010-11-12|Google Nexus S Apparently Coming this Holiday Season|Enterprise Mobile Today|Michelle Megna|http://www.enterprisemobiletoday.com/daily_news/article.php/415914
50432|2010-11-11|Galaxy Tab Review Round-Up: The Anti-iPad Has Come|Hardware Central|Eric Grevstad|http://www.hardwarecentral.com/daily_news/article.php/415872
50433|2010-11-11|AMD Fusion Chips Heading to the Apple iMac, Mac Pro|Hardware Central|Eric Grevstad|http://www.hardwarecentral.com/daily_news/article.php/415870
50434|2010-11-11|PC Microprocessor Unit Shipments, Revenues Post Modest Q3 Gain: Report|Hardware Central|Eric Grevstad|http://www.hardwarecentral.com/daily_news/article.php/415868
50442|2010-11-11|Turn an iPod touch into an iPhone with the ZTE Peel|Enterprise Mobile Today|Michelle Megna|http://www.enterprisemobiletoday.com/daily_news/article.php/415852
50484|2010-11-10|Mini-Notes Shaken But Not Stirred By Tablets PCs|Hardware Central|Eric Grevstad|http://www.hardwarecentral.com/daily_news/article.php/415766
50486|2010-11-10|Kno Shipping Dual Screen Tablet PC Before 2011|Hardware Central|Eric Grevstad|http://www.hardwarecentral.com/daily_news/article.php/415762
50487|2010-11-10|BlackBerry PlayBook Tablet  PC To Cost Under $500|Hardware Central|Eric Grevstad|http://www.hardwarecentral.com/daily_news/article.php/415760
50490|2010-11-10|Seagate Ships 1.5 Billion Hard Drives|Hardware Central|Eric Grevstad|http://www.hardwarecentral.com/daily_news/article.php/415756
50492|2010-11-10|AMD Demonstrates Bulldozer CPU, Ships Fusion APUs|Hardware Central|Eric Grevstad|http://www.hardwarecentral.com/daily_news/article.php/415752
50532|2010-11-09|NVIDIA Confirms GeForce GTX 580, Claims Fastest-Ever Title|Hardware Central|Eric Grevstad|http://www.hardwarecentral.com/daily_news/article.php/415670
50533|2010-11-09|Dell Updates M15x With NVIDIA Graphics|Hardware Central|Eric Grevstad|http://www.hardwarecentral.com/daily_news/article.php/415668
50534|2010-11-09|Lenovo IdeaPad U260 Ultra-Portable Notebook Quietly Unveiled|Hardware Central|Eric Grevstad|http://www.hardwarecentral.com/daily_news/article.php/415666
50535|2010-11-09|SIA Forecasts Semi Sales Stall In 2012|Hardware Central|Eric Grevstad|http://www.hardwarecentral.com/daily_news/article.php/415664
50537|2010-11-09|Laptop PC May Pose Infertility Risk for Men|Hardware Central|Eric Grevstad|http://www.hardwarecentral.com/daily_news/article.php/415660
50538|2010-11-09|Verbatim Unveils Tiny, Paper-Clip USB Drive|Hardware Central|Eric Grevstad|http://www.hardwarecentral.com/daily_news/article.php/415658
50539|2010-11-09|Marvell Unveils Quad-Core Armada XP Processor|Hardware Central|Eric Grevstad|http://www.hardwarecentral.com/daily_news/article.php/415656
50545|2010-11-09|Billing Revolution Debuts One-Click Mobile Payment App|Enterprise Mobile Today|Michelle Megna|http://www.enterprisemobiletoday.com/daily_news/article.php/415644
50546|2010-11-09|Google Windows Phone 7 Search App Dings Bing|Enterprise Mobile Today|Michelle Megna|http://www.enterprisemobiletoday.com/daily_news/article.php/415642
50596|2010-11-08|Dell To Double Enterprise Sales By 2014|Hardware Central|Eric Grevstad|http://www.hardwarecentral.com/daily_news/article.php/415536
50599|2010-11-08|iPad, Android Tablets Won`t Survive Computing At The Gates Of Hell|Hardware Central|Eric Grevstad|http://www.hardwarecentral.com/daily_news/article.php/415530
50600|2010-11-08|PC Shipments Up 10% In Q3|Hardware Central|Eric Grevstad|http://www.hardwarecentral.com/daily_news/article.php/415528
50653|2010-11-05|Sony Optiarc Debuts 12x Blu-Ray Writers|Hardware Central|Eric Grevstad|http://www.hardwarecentral.com/daily_news/article.php/415422
50690|2010-11-04|New DDR3 Memory Also Developed by A-Data|Hardware Central|Eric Grevstad|http://www.hardwarecentral.com/daily_news/article.php/415336
50692|2010-11-04|Mac Mini PC Price Cut Internationally|Hardware Central|Eric Grevstad|http://www.hardwarecentral.com/daily_news/article.php/415332
50694|2010-11-04|Samsung Aims to Sell One Million Galaxy Tabs|Hardware Central|Eric Grevstad|http://www.hardwarecentral.com/daily_news/article.php/415328
50701|2010-11-04|Twitter for Android Refreshed with Tweet Details Page|Enterprise Mobile Today|Michelle Megna|http://www.enterprisemobiletoday.com/daily_news/article.php/415312
50744|2010-11-03|Semi Sales Leap 26% From 2009|Hardware Central|Eric Grevstad|http://www.hardwarecentral.com/daily_news/article.php/415208
50746|2010-11-03|Some MacBook Airs Exhibiting Screen Issues|Hardware Central|Eric Grevstad|http://www.hardwarecentral.com/daily_news/article.php/415204
50747|2010-11-03|NEC's Eco-Friendly MultiSync Displays|Hardware Central|Eric Grevstad|http://www.hardwarecentral.com/daily_news/article.php/415202
50748|2010-11-03|Google Chrome OS Netbook Launching This Month: Report|Hardware Central|Eric Grevstad|http://www.hardwarecentral.com/daily_news/article.php/415200
50755|2010-11-03|Android 2.2 Can`t Match iOS 4 Features: 10 Reasons Why|Enterprise Mobile Today|Michelle Megna|http://www.enterprisemobiletoday.com/daily_news/article.php/415188
50756|2010-11-03|T-Mobile Rewrites '4G' Rules In Its Favor|Enterprise Mobile Today|Michelle Megna|http://www.enterprisemobiletoday.com/daily_news/article.php/415186
50789|2010-11-02|BlackBerry PlayBook May Play Runner-Up to Apple iPad: Report|Hardware Central|Eric Grevstad|http://www.hardwarecentral.com/daily_news/article.php/415110
50797|2010-11-02|Apple, Motorola, Android Lawsuits a Tangled Web of Charges|Enterprise Mobile Today|Michelle Megna|http://www.enterprisemobiletoday.com/daily_news/article.php/415094
50798|2010-11-02|Only 36% Of Android Mobile Devices Running Froyo|Enterprise Mobile Today|Michelle Megna|http://www.enterprisemobiletoday.com/daily_news/article.php/415092
50799|2010-11-02|Skyfire To Bring Adobe Flash Video to the iPhone on Thursday|Enterprise Mobile Today|Michelle Megna|http://www.enterprisemobiletoday.com/daily_news/article.php/415090
50864|2010-11-01|Tablet Phone Seekers, Here&#146;s Your ViewSonic ViewPad 7|Hardware Central|Eric Grevstad|http://www.hardwarecentral.com/daily_news/article.php/414958
51861|2010-12-23|IN MEDIA Shipping Windows 7 Tablet PC Early Next Year|Hardware Central|Eric Grevstad|http://www.hardwarecentral.com/daily_news/article.php/418838
51892|2010-12-22|Whitepaper: Deploying Windows 7 Desktop PCs|Hardware Central|Eric Grevstad|http://www.hardwarecentral.com/daily_news/article.php/418778
51893|2010-12-22|Images Picture Supposed iPad Tablet PC|Hardware Central|Eric Grevstad|http://www.hardwarecentral.com/daily_news/article.php/418776
51940|2010-12-21|Linux Adoption During a Recession|Hardware Central|Eric Grevstad|http://www.hardwarecentral.com/white_papers/article.php/384358
52106|2010-12-15|Victory for Sun in Intellectual Property Suits|eSecurity Planet|Kevin Komiega|http://www.esecurityplanet.com/daily_news/article.php/383868
52183|2010-12-14|T-Mobile G2 Gets a Price Cut to $50|Enterprise Mobile Today|Michelle Megna|http://www.enterprisemobiletoday.com/daily_news/article.php/418136
52184|2010-12-14|Amazon MP3 Store Launches for BlackBerry Smartphones|Enterprise Mobile Today|Michelle Megna|http://www.enterprisemobiletoday.com/daily_news/article.php/418134
52203|2010-12-13|Discussion Forum Metrics and Tips for Website Developers|HTML Goodies|Scott Clark|http://www.htmlgoodies.com/beyond/webmaster/article.php/418096
52230|2010-12-13|A New Image of Sprint's HTC Shift 4G Appears|Enterprise Mobile Today|Michelle Megna|http://www.enterprisemobiletoday.com/daily_news/article.php/418040
52231|2010-12-13|Nokia's Navteq Buys Trapster for Traffic Data|Enterprise Mobile Today|Michelle Megna|http://www.enterprisemobiletoday.com/daily_news/article.php/418038
52232|2010-12-13|BlackBerry News Feeds Beta Launches|Enterprise Mobile Today|Michelle Megna|http://www.enterprisemobiletoday.com/daily_news/article.php/418036
52279|2010-12-10|Android's Surging Popularity: 10 Factors Driving Its Growth|Enterprise Mobile Today|Michelle Megna|http://www.enterprisemobiletoday.com/daily_news/article.php/417924
52281|2010-12-10|Two Cameras Will Grace Next iPad|Enterprise Mobile Today|Michelle Megna|http://www.enterprisemobiletoday.com/daily_news/article.php/417920
52336|2010-12-09|Intel Smartphone Processors Coming In 2011|Enterprise Mobile Today|Michelle Megna|http://www.enterprisemobiletoday.com/daily_news/article.php/417808
52337|2010-12-09|TI Unveils 1.5 GHz Dual-Core Smartphone Processor|Enterprise Mobile Today|Michelle Megna|http://www.enterprisemobiletoday.com/daily_news/article.php/417806
52395|2010-12-08|With Acquisition, Monotype Eyes Smartphone Fonts|Enterprise Mobile Today|Michelle Megna|http://www.enterprisemobiletoday.com/daily_news/article.php/417680
52397|2010-12-08|Android Smartphone Users More Data Hungry than iPhone Users|Enterprise Mobile Today|Michelle Megna|http://www.enterprisemobiletoday.com/daily_news/article.php/417676
52437|2010-12-07|AMD Releases Three New CPUs|Hardware Central|Eric Grevstad|http://www.hardwarecentral.com/daily_news/article.php/417594
52438|2010-12-07|Zebra Technologies Unveils ZXP Series 3 Printer|Hardware Central|Eric Grevstad|http://www.hardwarecentral.com/daily_news/article.php/417592
52448|2010-12-07|Google Reveals the Details of Android OS 2.3|Enterprise Mobile Today|Michelle Megna|http://www.enterprisemobiletoday.com/daily_news/article.php/417572
52479|2010-12-06|Verizon Now Offering 4G Service for PCs|Hardware Central|Eric Grevstad|http://www.hardwarecentral.com/daily_news/article.php/417510
52523|2010-12-03|PureChoice Releases Major Update to PureTrac for Data Logging and Reporting|Database Journal|Linda Cole|http://www.databasejournal.com/daily_news/article.php/417414
52541|2010-12-03|Free Smartphones at Best Buy Through December|Enterprise Mobile Today|Michelle Megna|http://www.enterprisemobiletoday.com/daily_news/article.php/417378
52544|2010-12-03|Samsung Galaxy Tab Sales Pass 1 Million|Enterprise Mobile Today|Michelle Megna|http://www.enterprisemobiletoday.com/daily_news/article.php/417372
52545|2010-12-03|Motorola To Introduce a 4G Smartphone in Early 2011|Enterprise Mobile Today|Michelle Megna|http://www.enterprisemobiletoday.com/daily_news/article.php/417370
52590|2010-12-02|RIM Buys Swedish UI Developer to Battle Apple's IPad|Enterprise Mobile Today|Michelle Megna|http://www.enterprisemobiletoday.com/daily_news/article.php/417272
52591|2010-12-02|Android 2.1+ On Majority Of Android Mobile Devices|Enterprise Mobile Today|Michelle Megna|http://www.enterprisemobiletoday.com/daily_news/article.php/417270
52637|2010-12-01|VisionTek Killer HD 5770 Unites Video, Gaming Networking|Hardware Central|Eric Grevstad|http://www.hardwarecentral.com/daily_news/article.php/417178
52638|2010-12-01|Intel, Nvidia in Settlement Talks: Reports|Hardware Central|Eric Grevstad|http://www.hardwarecentral.com/daily_news/article.php/417176
52646|2010-12-01|Dell Venue Pro Can Now Be Pre-ordered Online|Enterprise Mobile Today|Michelle Megna|http://www.enterprisemobiletoday.com/daily_news/article.php/417160
52672|2010-11-03|Authenticating Users in Oracle Database 11g Using Proxy Authentication Methods  |DBA Support|Linda Cole|http://www.dbasupport.com/oracle/ora11g/Proxy-Authentication.shtml
52673|2010-11-10|The New and Improved Oracle Enterprise Manager  |DBA Support|Linda Cole|http://www.dbasupport.com/oracle/ora11g/New-Improved-OEM11g.shtml
52694|2010-10-06|http://www.dbasupport.com/oracle/ora11g/Performance-Interview-Questions.shtml|DBA Support|Linda Cole|http://www.dbasupport.com/oracle/ora11g/Performance-Interview-Questions.shtml
52695|2010-10-06|http://www.dbasupport.com/oracle/ora11g/Oracle-RAC-One-Node.shtml|DBA Support|Linda Cole|http://www.dbasupport.com/oracle/ora11g/Oracle-RAC-One-Node.shtml
52698|2010-10-27|http://www.dbasupport.com/oracle/ora11g/Accessing-SQLServer-from-Oracle.shtml|DBA Support|Linda Cole|http://www.dbasupport.com/oracle/ora11g/Accessing-SQLServer-from-Oracle.shtml
